ID,cluster,Tema_Cluster,ementa detalhada
11,38,Direitos Humanos e Minorias,Altera a Lei nº 9.795 de 1999.
42,14,Trabalho e Emprego,"Altera a Lei nº 9.478, de 1997; a Lei nº 9.991, de 2000; e a Lei nº 10.438, de 2002."
62,47,Direitos Humanos e Minorias,"Altera as Leis nº 14.284, de 2021; 7.998 de 1990; 13.667 de 2018; 9.394 de 1996; 14.118 de 2021; 12.587 de 2012 e o Decreto-Lei nº 5.452, de 1943."
67,34,Direito Penal e Processual Penal,"Altera a Lei nº 12.858, de 2013."
83,30,Finanças Públicas e Orçamento,Revoga a Lei nº 6.259 de 1975.
131,19,Direito e Defesa do Consumidor,Altera a Lei nº 8.078 de 1990.
138,0,Trabalho e Emprego,Altera a Lei nº 8.212 de 1991.
141,36,Finanças Públicas e Orçamento,Altera a Lei nº 9.250 de 1995.
164,47,Direitos Humanos e Minorias,Altera a Lei nº 10.438 de 2002.
206,30,Finanças Públicas e Orçamento,Altera a Lei nº 11.126 de 2005.
236,26,Direitos Humanos e Minorias,Altera as Leis nº 10.696 de 2003 e 11.718 de 2008.
263,27,Direito Civil e Processual Civil,Altera as Leis nº 10.406 de 2002 e 13.105 de 2015.
280,30,Finanças Públicas e Orçamento,Altera a Lei nº 10.925 de 2004.
391,29,Direitos Humanos e Minorias,"Altera a Lei nº 6.015, de 1973 e a Lei nº 8.677, de 1993."
393,18,Processo Legislativo e Atuação Parlamentar,"Criação,"
418,40,Direito e Defesa do Consumidor,"Altera a Lei nº 7.998, de 1990."
556,31,Defesa e Segurança,"ação,"
577,16,Direito Civil e Processual Civil,"Altera a Lei nº 14.129, de 2021."
578,27,Direito Civil e Processual Civil,"Altera a Lei nº 10.438, de 2002."
581,39,Direito Penal e Processual Penal,"Altera a Lei nº 9.504, de 1997."
582,34,Direito Penal e Processual Penal,"Altera a Lei nº 12.514, de 2011."
583,8,Direito Penal e Processual Penal,"Altera o Decreto-lei nº 3.689, de 1941."
597,35,Direitos Humanos e Minorias,Altera a Lei nº10.260 de 2001.
599,5,Trabalho e Emprego,"a profissional,"
646,8,Direito Penal e Processual Penal,Altera o Decreto-lei nº 2.848 de 1940.
699,43,Meio Ambiente e Desenvolvimento Sustentável,Altera a Lei nº 9.296 de 1996.
701,35,Direitos Humanos e Minorias,"Altera as Leis nº 9.250 de 1995, 9.532 de 1997 e 13.800  de 2019."
708,0,Trabalho e Emprego,Altera as Leis nº 9.427 de 1996; 9.991 de 2000; 10.848 de 2004 e 14.182 de 2021.
715,38,Direitos Humanos e Minorias,Altera a Lei nº 10.446 de 2002.
733,31,Defesa e Segurança,Altera a Lei nº 7.210 de 1984.
746,0,Trabalho e Emprego,Altera as Leis nº 10.260 de 2001 e 9.250 de 1995.
756,30,Finanças Públicas e Orçamento,Altera a Lei nº 9.984 de 2000.
782,47,Direitos Humanos e Minorias,Altera a Lei nº 9.906 de 1994.
802,1,Direito Civil e Processual Civil,Altera a Lei nº 8.080 de 1990.
803,7,Finanças Públicas e Orçamento,Altera as Leis nº 10.848 de 2004 e 13.576 de 2017.
819,8,Direito Penal e Processual Penal,Altera o Decreto-lei nº 3.689 de 1941.
833,1,Direito Civil e Processual Civil,Altera as Leis nº 13.465 de 2017 e 10.406 de 2002.
837,29,Direitos Humanos e Minorias,Altera as Leis nº 10.257 de 2001; 9.807 de 1999 e 12.527 de 2011.
840,47,Direitos Humanos e Minorias,Altera as Leis nº 9.612 de 1998; 9.998 de 2000 e 9.790 de 1999.
842,12,Direito Penal e Processual Penal,Altera a Lei nº 5.655 de 1971.
843,42,Direitos Humanos e Minorias,Altera a Lei nº 9.394 de 1996.
847,47,Direitos Humanos e Minorias,Altera a Lei nº 9.393 de 1996.
849,0,Trabalho e Emprego,Alter o Decreto-lei nº 5.452 de 1943.
878,43,Meio Ambiente e Desenvolvimento Sustentável,Altera a Lei nº 9.605 de 1998.
893,10,Direito Civil e Processual Civil,Altera a Lei nº 10.406 de 2002.
898,36,Finanças Públicas e Orçamento,Altera a Lei nº  9.250 de 1995.
901,25,Finanças Públicas e Orçamento,Altera a Lei nº 12.973 de 2014.
903,8,Direito Penal e Processual Penal,Altera o Decreto-lei nº 3.689 de 1941.
956,42,Direitos Humanos e Minorias,Altera a Lei nº 9.610 de 1998.
969,42,Direitos Humanos e Minorias,Altera a Lei nº 12.514 de 2011.
983,16,Direito Civil e Processual Civil,Altera a Lei nº 13.105 de 2015.
988,30,Finanças Públicas e Orçamento,Altera as Leis nº 10.925 de 2004; 12.546 de 2011 e 9.430 de 1996.
989,37,Energia,Altera as Leis nº 13.105 de 2015 e 90.99 de 1995 e os Decretos-Lei nº 5.452 de 1943 e  3.689 de 1941.
996,0,Trabalho e Emprego,Altera as Leis nº  12.587 de 2012 e 9.503 de 1997.
1047,15,Direitos Humanos e Minorias,Altera as Leis nº 8.069 de 1990 e  9.250 de 1995.
1061,49,Direito Civil e Processual Civil,"Proíbe a criação e a venda de animais cujos cruzamentos genéticos provoquem prejuízos à saúde e ao bem-estar da prole, ou que perpetuem problemas de saúde pré-existentes dos progenitores."
1067,30,Finanças Públicas e Orçamento,Altera a Lei nº 12.711 de 2012.
1091,17,Comunicações,Altera as Leis nº 8.429 de 1992 e 1.079 de 1950.
1092,36,Finanças Públicas e Orçamento,Altera a Lei nº 8.989 de 1995.
1104,20,Direitos Humanos e Minorias,Altera a Lei nº 9.472 de 1997.
1105,7,Finanças Públicas e Orçamento,"Altera a Lei nº 10.925, de 2004 e a Lei nº 11.051, de 2004."
1108,12,Direito Penal e Processual Penal,Altera as Leis nº 10.741 de 2003 e 12.587 de 2012.
1115,7,Finanças Públicas e Orçamento,Altera o Decreto-lei nº 1.001 de 1969.
1129,38,Direitos Humanos e Minorias,Altera a Lei nº 12.212 de 2010.
1130,6,Finanças Públicas e Orçamento,Altera a Lei nº 6.503 de 1997.
1140,0,Trabalho e Emprego,Altera o Decreto-lei nº 5.452 de 1943.
1147,16,Direito Civil e Processual Civil,Altera a Lei nº 13.105 de 2015.
1178,8,Direito Penal e Processual Penal,Altera a Lei nº10.741 de 2003.
1182,19,Direito e Defesa do Consumidor,Altera a Lei nº 8.078 de 1990.
1188,41,Direito Penal e Processual Penal,Altera as Leis nº 6.259 de 1975; 13.979 de 2020 e 8.078 de 1990.
1193,30,Finanças Públicas e Orçamento,Altera a Lei nº 10.741 de 2003.
1209,6,Finanças Públicas e Orçamento,Altera a Lei nº 9.998 de 2000.
1211,38,Direitos Humanos e Minorias,Altera a Lei nº 6.360 de 1976.
1239,19,Direito e Defesa do Consumidor,Altera o Decreto-Lei 2.848 de 1940.
1245,15,Direitos Humanos e Minorias,Altera a Lei nº 6.385 de 1976.
1253,7,Finanças Públicas e Orçamento,"Altera a Lei nº 8.685, de 1993; a Lei nº 10.147, de 2000; a Lei nº 10.637, de 2002; a Lei nº 10.833, de 2003; a Lei nº 10.865, de 2004; a Lei nº 12.431, de 2011; e a Lei nº 13.755, de 2018. Altera a Medida Provisória nº 2.158-35, de 2001. Revoga a Lei nº 10.312, de 2001."
1255,45,Direitos Humanos e Minorias,Altera a Lei nº 9.605 de 1998.
1260,25,Finanças Públicas e Orçamento,Altera a Lei nº 14.182 de 2021.
1276,19,Direito e Defesa do Consumidor,Altera a Lei nº 9.472 de 1997.
1300,35,Direitos Humanos e Minorias,Altera a Lei nº 14.042 de 2020.
1301,8,Direito Penal e Processual Penal,Altera o Decreto-lei nº 2.848 de 1940.
1303,42,Direitos Humanos e Minorias,Altera as Leis nº 4.829 de 1965 e 11.977 de 2009.
1304,0,Trabalho e Emprego,Altera o Decreto-lei nº 5.452 de 1943.
1307,34,Direito Penal e Processual Penal,Altera o Decreto-lei nº de 1943.
1313,26,Direitos Humanos e Minorias,Altera a Lei nº 10.260 de 2001.
1320,43,Meio Ambiente e Desenvolvimento Sustentável,"Altera o Decreto-Lei nº 5.452, de 1943."
1323,43,Meio Ambiente e Desenvolvimento Sustentável,"Altera o Decreto-Lei nº 5.452, de 1943."
1331,20,Direitos Humanos e Minorias,Altera a Lei nº 8.212 de 1991.
1343,0,Trabalho e Emprego,Altera a Lei nº 12.845 de 2013.
1351,28,Direitos Humanos e Minorias,Altera a Lei nº 9.394 de 1996.
1352,36,Finanças Públicas e Orçamento,Altera a Lei n67 9.605 de 1998.
1365,45,Direitos Humanos e Minorias,Altera a Lei nº 10.741 de 2003.
1429,26,Direitos Humanos e Minorias,Altera a Lei nº 8.213 de 1991.
1451,38,Direitos Humanos e Minorias,Altera a Lei nº 8.906 de 1994.
1475,8,Direito Penal e Processual Penal,Altera o Decreto-lei nº 2.848 de 1940.
1483,29,Direitos Humanos e Minorias,Altera a Lei nº 4.117 de 1962.
1523,30,Finanças Públicas e Orçamento,Altera a Lei nº 8.429 de 1992.
1525,16,Direito Civil e Processual Civil,Altera as Lesi nº 10.406 de 2020 e 9.492 de 1997.
1548,34,Direito Penal e Processual Penal,Altera o Decreto-lei 2.848 de 1940.
1557,37,Energia,Altera a Lei nº 8.987 de 1995.
1581,13,Educação,r
1592,36,Finanças Públicas e Orçamento,Altera a Lei nº 9.250 de 1995.
1609,34,Direito Penal e Processual Penal,Altera a Lei 10.205 de 2001.
1617,34,Direito Penal e Processual Penal,Altera o Decreto-lei nº 2.848 de 1940 e a Lei nº 8.069 de 1990.
1631,34,Direito Penal e Processual Penal,Altera a Lei nº 11.445 de 2007.
1633,34,Direito Penal e Processual Penal,Altera a Lei nº 11.445 de 2007.
1639,0,Trabalho e Emprego,Altera o Decreto-lei nº 5.452 de 1943.
1664,6,Finanças Públicas e Orçamento,Altera as Leis nº 8.989 de 1995 e 4.502 de 1964.
1679,26,Direitos Humanos e Minorias,Altera as Leis nº 10.485 de 2002 e 10.438 de 2002.
1685,43,Meio Ambiente e Desenvolvimento Sustentável,Altera a Lei nº 11.340 de 2006.
1686,42,Direitos Humanos e Minorias,Altera a Lei nº 13.185 de 2015.
1701,47,Direitos Humanos e Minorias,Altera a Lei nº 4.533 de 1964.
1710,35,Direitos Humanos e Minorias,Altera a Lei nº 9.615 de 1998.
1712,8,Direito Penal e Processual Penal,Altera o Decreto-lei nº 3.689 de 1941.
1724,19,Direito e Defesa do Consumidor,Altera a Lei nº 11.343 de 2006.
1725,47,Direitos Humanos e Minorias,Altera a Lei nº 14.124 de 2021.
1728,42,Direitos Humanos e Minorias,Altera os Decretos-leis 2.848 de 1940 e 3.689 de 1941 e as Leis nº 8.072 de 1990 e 9.455 de 1997.
1729,27,Direito Civil e Processual Civil,"Altera as Leis nº 6.015 de 1973, 8.560 de 1992 e 12.004 de 2009."
1742,36,Finanças Públicas e Orçamento,Altera a Lei nº 9.250 de 1995.
1747,20,Direitos Humanos e Minorias,Altera a Lei nº 12.965 de 2014.
1785,18,Processo Legislativo e Atuação Parlamentar,Altera a Lei nº 13.105 d e 2015.
1799,49,Direito Civil e Processual Civil,Revoga a Lei nº 8.658 de1993.
1810,26,Direitos Humanos e Minorias,Altera a Lei nº 8.134 de 1990.
1812,12,Direito Penal e Processual Penal,"Altera as Lei nº 8.112 de 1990, 14.133 de 2021."
1819,15,Direitos Humanos e Minorias,Altera a Lei nº 7.797 de 1989.
1825,0,Trabalho e Emprego,Altera a Lei nº 10.865 de 2004.
1833,8,Direito Penal e Processual Penal,Altera o Decreto-lei nº 2.848 de 1940.
1858,12,Direito Penal e Processual Penal,Altera a Lei nº 14.151 de 2021.
1859,7,Finanças Públicas e Orçamento,Altera o Decreto-lei nº 667 de 1969.
1863,22,Educação,"Altera a Lei nº 9.394, de 1996."
1868,19,Direito e Defesa do Consumidor,Altera a Lei nº 8.078 de 1990.
1881,36,Finanças Públicas e Orçamento,Altera a Lei nº 13.869 de 2019.
1887,26,Direitos Humanos e Minorias,Altera a Lei nº 12.587 de 2012.
1940,35,Direitos Humanos e Minorias,Altera as Leis nº 8.212 de 1991 e 8.213 de 1991.
1960,12,Direito Penal e Processual Penal,Altera a Lei nº 14.118 de 2021.
1964,43,Meio Ambiente e Desenvolvimento Sustentável,Altera a Lei nº 11.771 de 2008.
1976,26,Direitos Humanos e Minorias,Altera a Lei nº 10.260 de 2001.
2013,16,Direito Civil e Processual Civil,Altera a Lei 14.124 de 2021.
2016,41,Direito Penal e Processual Penal,Altera a Lei nº 10.674 de 2003.
2023,8,Direito Penal e Processual Penal,Altera o Decreto-lei nº 2.848 de 1940.
2057,29,Direitos Humanos e Minorias,"Altera a Lei nº 9.717, de 1998."
2058,22,Educação,"Altera a Lei nº 9.394, de 1996."
2069,43,Meio Ambiente e Desenvolvimento Sustentável,"Altera o Decreto-Lei nº 5.452, de 1943."
2085,8,Direito Penal e Processual Penal,Altera o Decreto-lei nº 2.848 de 1940.
2104,8,Direito Penal e Processual Penal,Altera o Decreto-lei nº 2.848 de 1940.
2135,15,Direitos Humanos e Minorias,Altera a Lei nºº13.756 de 2018.
2180,8,Direito Penal e Processual Penal,Altera o Decreto-lei nº 2.848 de 1940.
2183,38,Direitos Humanos e Minorias,Altera a Lei nº 9.605 de 1998.
2208,15,Direitos Humanos e Minorias,Altera a Lei nº 6.385 de 1976.
2242,10,Direito Civil e Processual Civil,Para substituir o financiamento realizado pela Conta de Desenvolvimento Energético para descontos especiais nas tarifas de energia elétrica concedidos ao consumo na atividade de irrigação e aquicultura por recursos providos pelo Orçamento Geral da União.
2257,33,Direito e Defesa do Consumidor,Altera a Lei nº 12.965 de 2014.
2280,29,Direitos Humanos e Minorias,"Altera a Lei nº 8.906, de 1994."
2281,27,Direito Civil e Processual Civil,"Altera o Decreto-lei nº 2.848, de 1940 e a Lei nº 9.503, de 1997."
2343,29,Direitos Humanos e Minorias,Altera as Leis nº 12.351 de 2010 e 12.734 de 2012.
2381,8,Direito Penal e Processual Penal,"Altera o Decreto-Lei nº 5.452, de 1943."
2401,8,Direito Penal e Processual Penal,Altera o Decreto-lei nº 2.848 de 1940.
2402,29,Direitos Humanos e Minorias,"Altera a Lei nº 9.986, de 2000, a Lei nº 13.303, de 2016 e a Lei nº 12.813, de 2013."
2447,35,Direitos Humanos e Minorias,Altera a Lei nº 13.999 de 2020.
2450,0,Trabalho e Emprego,Altera o Decreto-lei nº 5.452 de 1943.
2452,44,Educação,Altera a Lei nº 12.711 de 2012.
2457,30,Finanças Públicas e Orçamento,Altera a Lei nº 6.538 de 1978.
2460,43,Meio Ambiente e Desenvolvimento Sustentável,Altera a Lei nº 12.305 de 2010.
2462,8,Direito Penal e Processual Penal,Altera o Decreto-lei nº 2.848 de 1940.
2495,33,Direito e Defesa do Consumidor,Altera a Lei nº 12.965 de 2014.
2523,16,Direito Civil e Processual Civil,Altera a Lei nº 11.340 de 2006.
2525,30,Finanças Públicas e Orçamento,Altera a Lei nº 9.503 de 1997.
2544,42,Direitos Humanos e Minorias,Altera a Lei nº 9.610 de 1998.
2593,49,Direito Civil e Processual Civil,"Estabelece que caso a candidata eleita seja do sexo feminino, a convocação de uma suplente também será do sexo feminino."
2595,12,Direito Penal e Processual Penal,Altera o Decreto-lei 2.848 de 1940 e a Lei nº 7.716 de 1989.
2598,43,Meio Ambiente e Desenvolvimento Sustentável,Altera a Lei nº 10.735 de 2003.
2603,19,Direito e Defesa do Consumidor,Alera o Decreto-lei 2.848 de 1940.
2608,19,Direito e Defesa do Consumidor,Altera o Decreto-Lei 2.848 de 1940.
2635,22,Educação,", logradouro público."
2648,35,Direitos Humanos e Minorias,Altera as Lei nº 10.753 de 2003 e 10.865 de 2004; o Decreto nº 7.212 de 2010 e o Decreto-lei nº 37 de 1966.
2653,7,Finanças Públicas e Orçamento,"Altera o Decreto-lei nº 5.452, de 1943."
2681,41,Direito Penal e Processual Penal,Altera o Decreto-lei nº 73 de 1966.
2693,27,Direito Civil e Processual Civil,Altera as Leis Complementares nº  87 de 1996 e 116 de 2003
2696,26,Direitos Humanos e Minorias,Altera a Lei nº 10.233 de 2001.
2704,43,Meio Ambiente e Desenvolvimento Sustentável,Altera a Lei nº 9.605 de 1998.
2705,43,Meio Ambiente e Desenvolvimento Sustentável,Altera a Lei nº 9.605 de 1998.
2707,26,Direitos Humanos e Minorias,Altera a Lei nº 10.741 de 2003.
2708,0,Trabalho e Emprego,Alteração a Lei nº 6.259 de 1975.
2710,7,Finanças Públicas e Orçamento,Altera o Decreto-lei nº 5452 de 1943.
2711,28,Direitos Humanos e Minorias,Altera a Lei nº 8.036 de 1990.
2736,43,Meio Ambiente e Desenvolvimento Sustentável,Altera a Lei nº 9.605 de 1998.
2822,7,Finanças Públicas e Orçamento,Revoga a Lei nº 13.364 de 2016.
2823,15,Direitos Humanos e Minorias,"Altera a Lei nº 12.965, de 23 de abril de 2014."
2841,34,Direito Penal e Processual Penal,"Altera as Leis nº 14.020 de 2020, 10.042 de 2020 e 10.043 de 2020."
2855,0,Trabalho e Emprego,Altera a Lei nº 10.865 de 2004.
2865,33,Direito e Defesa do Consumidor,Altera a Lei Complementar nº 123 de 2006.
2868,15,Direitos Humanos e Minorias,Altera a Lei nº 6.259 de 1975.
2884,30,Finanças Públicas e Orçamento,Altera a Lei nº 10.741 de 2003.
2891,0,Trabalho e Emprego,Altera o Decreto-lei nº 5.452 de 1943.
2905,16,Direito Civil e Processual Civil,Altera as Leis nº 13.105 de 2015 e 13.097 de 2015.
2908,19,Direito e Defesa do Consumidor,Altera a Lei nºº 8.078 de 1990.
2923,35,Direitos Humanos e Minorias,Altera a Lei nº 13.979 de 2020.
2925,26,Direitos Humanos e Minorias,Altera as Leis nº 6.404 de 1976 e 13.303 de 2016.
2931,35,Direitos Humanos e Minorias,Altera a Lei nº 13.979 de 2020.
2933,42,Direitos Humanos e Minorias,Altera a Lei nº 14.060 de 2020.
2934,8,Direito Penal e Processual Penal,"Altera a Lei nº 9.472, de 1997."
2946,15,Direitos Humanos e Minorias,"Altera a Lei nº 13.979, de 2020."
2992,1,Direito Civil e Processual Civil,"Altera a Lei nº 8.078, de 1990."
3034,28,Direitos Humanos e Minorias,"Revoga dispositivo da Lei º 5.540, de 1968 e a Lei º 9.192 de 1995."
3059,8,Direito Penal e Processual Penal,"Altera a Lei nº 13.105, de 2015."
3060,35,Direitos Humanos e Minorias,"Altera o Decreto-lei nº 5.452, de 1943."
3087,29,Direitos Humanos e Minorias,"Altera as Leis nº 13.756, de 2018 e 14.020 de 2020."
3097,31,Defesa e Segurança,"Alteras as Leis nº 8.080, de 1990 e 6.259, 1975."
3105,1,Direito Civil e Processual Civil,"Altera a Lei nº 8.245, de 1991."
3109,48,Viação,Altera a Lei nº 9.503 de 1997.
3148,27,Direito Civil e Processual Civil,"Altera a Lei nº 7.998, de 1990"
3155,32,Direito e Defesa do Consumidor,"Altera a Lei nº 4.737, de 1965."
3157,16,Direito Civil e Processual Civil,"Altera a Lei nº 9.250, de 1995."
3177,18,Processo Legislativo e Atuação Parlamentar,"Altera a Lei nº 8.078, de 1990."
3214,42,Direitos Humanos e Minorias,"Altera a Lei nº 9.250, de 1995."
3215,27,Direito Civil e Processual Civil,"Altera a Lei nº 8.078, de 1990."
3246,26,Direitos Humanos e Minorias,"Altera a Lei nº 13.431, de 2007."
3283,25,Finanças Públicas e Orçamento,"Altera a Lei nº 12.527, de 2011."
3286,34,Direito Penal e Processual Penal,"Altera o Decreto-lei nº 2.848, de 1940."
3297,5,Trabalho e Emprego,e
3309,16,Direito Civil e Processual Civil,"Altera o Decreto-lei nº 2.848, de 1940 e revoga a Lei nº 13. 989, de 2020."
3323,35,Direitos Humanos e Minorias,Altera as Leis nº 8.137 de 1990 e 7.492 de 1986.
3370,8,Direito Penal e Processual Penal,Altera o Decreto-lei nº 3.689 de 1941.
3379,10,Direito Civil e Processual Civil,Altera a Lei nº 10.406 de 2002.
3400,39,Direito Penal e Processual Penal,"Altera a Lei nº 7.210, de 1984."
3404,29,Direitos Humanos e Minorias,"Altera as Leis nº 8.080, 1990 e 9.656, de 1988."
3439,31,Defesa e Segurança,Altera a Lei nº 13.979 de 2020.
3442,7,Finanças Públicas e Orçamento,Altera a Lei nº 13.146 de 2015.
3446,8,Direito Penal e Processual Penal,"Altera a Lei nº 13.475, de 2017."
3449,29,Direitos Humanos e Minorias,"Altera as Leis nº 10.820, de 2003 e 1.521, de 1951."
3464,0,Trabalho e Emprego,"Altera a Lei nº 12.845, de 2013."
3465,34,Direito Penal e Processual Penal,"Altera a Lei nº 9.503, de 1997."
3466,14,Trabalho e Emprego,"Altera a Lei nº 13.979, de 2020."
3467,1,Direito Civil e Processual Civil,"Altera a Lei nº 5.655, de 1971."
3468,38,Direitos Humanos e Minorias,"Altera a Lei nº 10.260, de 2001."
3504,42,Direitos Humanos e Minorias,"Revoga dispositivos da Lei nº 3.244, de 1957 ; do Decreto-lei 63, de 1966 e o Decreto-lei nº 2.166, de 1984."
3505,35,Direitos Humanos e Minorias,"Altera a Lei nº 12.764, de 2012."
3513,7,Finanças Públicas e Orçamento,Altera as Leis nº 10.925 de 2004 e 13.820 de 2019.
3549,27,Direito Civil e Processual Civil,"Altera o Decreto-lei nº 2.848, de 1940."
3575,0,Trabalho e Emprego,Altera o Decreto-lei nº 5.452 de 1943.
3585,16,Direito Civil e Processual Civil,Altera o Decreto-lei 2.848 de 1940 e a Lei nº 8.072 de 1990.
3586,8,Direito Penal e Processual Penal,Altera o Decreto-lei nº 2.848 de 1940.
3591,35,Direitos Humanos e Minorias,Altera a Lei nº 9.615 de 1998.
3595,4,Educação,Altera a Lei nº 9.394 de 1996.
3614,42,Direitos Humanos e Minorias,"Altera o Decreto-lei, 2.848, de 1940."
3617,34,Direito Penal e Processual Penal,Altera Lei nº 13.105 de 2015.
3618,8,Direito Penal e Processual Penal,Altera a Lei nº 11.419 de 2006.
3624,0,Trabalho e Emprego,Altera o Decreto-lei nº 5.452 de 1943.
3626,0,Trabalho e Emprego,Altera o Decreto-lei nº 5.452 de 1943.
3696,16,Direito Civil e Processual Civil,"Altera a Lei nº 7.210, de 1984 e revoga dispositivo da Lei 12.594, de 2012."
3702,47,Direitos Humanos e Minorias,Altera a Lei nº 9.249 de 1995.
3719,20,Direitos Humanos e Minorias,Altera a Lei nº 8.742 de 1993.
3720,8,Direito Penal e Processual Penal,Altera a Lei nº 7.713 de 1988.
3721,16,Direito Civil e Processual Civil,Altera a Lei nº 13.105 de 2015.
3780,8,Direito Penal e Processual Penal,Altera o Decreto-lei nº 2.848 de 1940.
3790,41,Direito Penal e Processual Penal,"Revoga a Lei 9.800, de 1999."
3808,19,Direito e Defesa do Consumidor,"ilitar,"
3840,40,Direito e Defesa do Consumidor,"Altera o Decreto-lei nº 2.848, de 1940."
3843,49,Direito Civil e Processual Civil,"Altera o Decreto-lei  nº 3.689, de 1941."
3845,49,Direito Civil e Processual Civil,"Altera o Decreto-lei nº 2848, de 1940 e a Lei nº 7170, de1983."
3850,35,Direitos Humanos e Minorias,Altera a Lei nº 9.250 de 1995.
3872,7,Finanças Públicas e Orçamento,Altera a Lei nº 13.982 de 2020.
3903,3,Finanças Públicas e Orçamento,","
3931,40,Direito e Defesa do Consumidor,"Altera as Leis nº 10.637, de 2002 e 10.833, de 2003."
3934,26,Direitos Humanos e Minorias,Altera a Lei nº 10.260 de 2001.
3942,16,Direito Civil e Processual Civil,"Altera a Lei nº 10.865, de 2004."
3952,38,Direitos Humanos e Minorias,"Altera a Lei nº 10.260, de 2001."
3964,35,Direitos Humanos e Minorias,"Altera a Lei nº 8.010, de 1990."
3975,41,Direito Penal e Processual Penal,Altera o Decreto-Lei nº  2.848 de 1940.
3979,19,Direito e Defesa do Consumidor,"Altera a Lei nº 8.009, de 1990."
3980,8,Direito Penal e Processual Penal,"Altera a Lei nº 13.105, de 2015."
3981,48,Viação,"Altera as Leis nº 12.865, de 2013 e 9.613, de 1988."
3982,33,Direito e Defesa do Consumidor,"Altera o Decreto-lei nº 2.848, de 1940 e a Lei nº 7.716, de 1989."
3986,12,Direito Penal e Processual Penal,"Altera o Decreto-Lei nº 5.452, de 1943."
3987,27,Direito Civil e Processual Civil,"Dispõe que para a instalação de obra, empreendimento ou atividade potencialmente causadora de degradação do meio ambiente, será exigido Estudo Prévio de Impacto Ambiental (EIA), com ampla publicidade; regulamentando a Constituição Federal de 1988."
4028,29,Direitos Humanos e Minorias,"Altera a Lei nº 9.478, de 1997."
4048,28,Direitos Humanos e Minorias,Altera a Lei nº 12.527 de 2011.
4074,48,Viação,Altera a Lei nº 9.797 de 1999.
4077,16,Direito Civil e Processual Civil,Altera as Leis nº 14.300 de 2022 e 10.438 de 2022.
4083,8,Direito Penal e Processual Penal,Altera o Decreto-lei nº 3.689 de 1941.
4091,34,Direito Penal e Processual Penal,"Altera a Lei nº 12.351, de 2010."
4127,10,Direito Civil e Processual Civil,"Altera as Leis nº  12.514 de 2011, 8.906 de 1994, 10.406, de 2002 e revoga a Lei nº 6.830 de 1980."
4142,30,Finanças Públicas e Orçamento,Altera a Lei nº 10.925 de 2004.
4154,39,Direito Penal e Processual Penal,"Altera a Lei nº 6.938, de 1981."
4157,33,Direito e Defesa do Consumidor,"Altera a Lei nº 12.101, de 2009."
4170,35,Direitos Humanos e Minorias,Altera as Leis nº 14.300 de 2022 e  10.438 de 2002.
4171,28,Direitos Humanos e Minorias,Altera a Lei nº 8.080 de 1990.
4172,35,Direitos Humanos e Minorias,Altera a Lei n º9.249 de 1995.
4178,8,Direito Penal e Processual Penal,Altera o Decreto-lei nº 2.848 de 1940.
4231,12,Direito Penal e Processual Penal,Altera a Lei nº 14.113 de 2020.
4278,12,Direito Penal e Processual Penal,Altera a Lei nº 10.779 de 2003.
4279,33,Direito e Defesa do Consumidor,Altera as Leis nº 8.078 de 1990 e 12.414 de 2011.
4281,35,Direitos Humanos e Minorias,"Altera o Decreto-lei nº 5.452 de 1943.

."
4291,41,Direito Penal e Processual Penal,Altera as Leis nº 13.869 de 2019 e 12.965 de 2014.
4297,36,Finanças Públicas e Orçamento,Altera a Lei nº 9.250 de 1995.
4299,37,Energia,Altera as Leis nº 12.965 de 2014 e 9.472 de 1997.
4302,10,Direito Civil e Processual Civil,Altera o Decreto-Lei nº 3.689 de 1941 e a  Lei nº 13.105 de 2015.
4314,34,Direito Penal e Processual Penal,"Altera a Lei nº 7.713, de 1988."
4328,35,Direitos Humanos e Minorias,Altera a Lei nº 10.973 de 2004.
4329,31,Defesa e Segurança,Altera a Lei nº 10.826 de 2003.
4341,4,Educação,Altera a Lei nº 9.394 de 1996.
4348,34,Direito Penal e Processual Penal,Altera o Decreto-lei 2.848 de 1940.
4359,19,Direito e Defesa do Consumidor,"Revoga o Decreto nº 70.235, de 1972."
4464,47,Direitos Humanos e Minorias,"Altera a Lei nº 8.069, de 1990 e a Lei nº 8.242, de 1991."
4479,12,Direito Penal e Processual Penal,"Altera a Lei nº 8.989, de 1995 e a Lei nº 8.383, de 1991."
4483,8,Direito Penal e Processual Penal,"Altera a Lei nº 7.689, de 1988 e a Lei nº 9.249, de 1995."
4506,4,Educação,Altera a Lei nº 9.394 de 1996.
4516,25,Finanças Públicas e Orçamento,Altera a Lei nº 14.284 de 2021.
4535,30,Finanças Públicas e Orçamento,Altera a Lei 9.991 de 2000.
4565,43,Meio Ambiente e Desenvolvimento Sustentável,Altera a Lei nº 9.296 de 1996.
4601,35,Direitos Humanos e Minorias,"Altera a a Lei nº 7.102, 1983."
4602,43,Meio Ambiente e Desenvolvimento Sustentável,Altera a Lei nº 9.605 de 1998.
4632,16,Direito Civil e Processual Civil,"Altera o Decreto-Lei nº 37, de 1966 e o Decreto-Lei nº 1.804, de 1980."
4636,34,Direito Penal e Processual Penal,Altera a Lei nº 12.587/2012
4647,42,Direitos Humanos e Minorias,"Altera a Lei nº 14.284, de 2021 e a Lei nº 14.342, de 2022."
4683,16,Direito Civil e Processual Civil,Altera o Decreto-Lei nº 2.848 de 1940 e a Lei nº 4.737 de 1965.
4875,8,Direito Penal e Processual Penal,Altera o Decreto-lei nº 2.848 de 1940.
4878,20,Direitos Humanos e Minorias,Altera a Lei nº 9.478 de 1997.
4911,43,Meio Ambiente e Desenvolvimento Sustentável,"Altera a Lei nº 10.925, de 2004."
4924,8,Direito Penal e Processual Penal,"Altera o Decreto-Lei nº 5.452, de 1943."
4972,15,Direitos Humanos e Minorias,Altera a Lei nº 8.112 de 1990.
4974,29,Direitos Humanos e Minorias,Altera a Lei nº 13.146 de 2015.
4976,41,Direito Penal e Processual Penal,Altera o Decreto-Lei nº 2.848 de 1940.
4979,8,Direito Penal e Processual Penal,Altera o Decreto-lei nº 2.848 de 1940.
4992,34,Direito Penal e Processual Penal,Altera o Decreto-lei 2.848 de 1940.
5019,0,Trabalho e Emprego,Altera a Lei nº 13.958 de 2019.
5022,26,Direitos Humanos e Minorias,Altera a Lei nº 12.529 de 2011.
5041,12,Direito Penal e Processual Penal,Altera as Leis nº 11.428 de 2006 e 12.787 de 2013.
5044,35,Direitos Humanos e Minorias,Altera a Lei nº 4.502 de 1964.
5089,39,Direito Penal e Processual Penal,"Altera a Lei nº 11.488, de 2007."
5096,0,Trabalho e Emprego,Altera a Lei nº 9.434 de 1997.
5107,31,Defesa e Segurança,Altera a Lei nº 10.826 de 2003.
5184,40,Direito e Defesa do Consumidor,Altera a Lei nº 9.656 de 1998.
5185,9,Direito Civil e Processual Civil,Atualiza a legislação processual civil e trata do processo administrativo fiscal.
5192,36,Finanças Públicas e Orçamento,Altera a Lei nº 11.340 de 2006.
5216,8,Direito Penal e Processual Penal,Altera o Decreto-lei nº 2.848 de 1940.
5219,41,Direito Penal e Processual Penal,Altera as Leis nº 9.656 de 1998 e  9.961 de 2000.
5235,48,Viação,Altera a Lei nº 9.503 de 1997.
5254,45,Direitos Humanos e Minorias,Altera as Leis nº 12.850 de 2013; 12.965 de 2014; 9.613 de 1998 e 12.037  de 2009.
5260,43,Meio Ambiente e Desenvolvimento Sustentável,Altera o Decreto-lei 5.452 de 1943.
5262,34,Direito Penal e Processual Penal,Altera o Decreto-lei 2.848 de 1940.
5266,1,Direito Civil e Processual Civil,Altera a Lei nº 9.503 de 1997.
5285,8,Direito Penal e Processual Penal,Altera a Lei nº 14.133 de 2021.
5297,26,Direitos Humanos e Minorias,Altera a Lei nº 12.764 de 2012.
5318,36,Finanças Públicas e Orçamento,Altera a Lei nº10.925 de 2004.
5319,43,Meio Ambiente e Desenvolvimento Sustentável,Altera a Lei nº 12.305 de 2010.
5320,49,Direito Civil e Processual Civil,Altera o Decreto-lei nº 5.452 de 1943.
5321,24,Saúde,Altera a Lei nº 8.080 de 1990.
5377,40,Direito e Defesa do Consumidor,Altera a Lei nº 10.848 de 2004.
5379,27,Direito Civil e Processual Civil,"Altera a Lei nº 10.438, de 2002."
5380,4,Educação,Estabelece que constitui ato de improbidade administrativa que atenta contra o princípio da legalidade a conduta de negar crédito de impostos quando o respaldo jurídico deste restar contido no texto de lei ou na jurisprudência.
5381,40,Direito e Defesa do Consumidor,Altera a Lei nº 6.015 de 1973.
5398,18,Processo Legislativo e Atuação Parlamentar,Altera a Lei nº 9.868 de 1999.
5427,28,Direitos Humanos e Minorias,Altera as Leis nº 6.567 de 1978 e 7.805 de 1989.
5475,45,Direitos Humanos e Minorias,"Altera a Lei nº 9.250, de 1995 e a Lei nº 7.713, de 1988."
5484,1,Direito Civil e Processual Civil,"Altera a Lei nº 11.419, de 2006."
5486,23,Direito Penal e Processual Penal,"Trata dos crimes de alteração de limites e esbulho possessório, e cria o tipo penal de esbulho possessório qualificado."
5489,42,Direitos Humanos e Minorias,Trata da interposição de recurso adesivo no âmbito dos Juizados Especiais.
5491,40,Direito e Defesa do Consumidor,"Altera a Lei nº 9.478, de 1997."
5492,15,Direitos Humanos e Minorias,Altera a Lei nº 12.608 de 2012.
5505,43,Meio Ambiente e Desenvolvimento Sustentável,Altera o Decreto-Lei nº 5.452 de 1943.
5513,34,Direito Penal e Processual Penal,"Altera as Leis nº 8.069 de 1990, 8.313 de 1991 e 8.685 de 1993."
5525,40,Direito e Defesa do Consumidor,"Altera o Decreto-lei nº 2.848, de 1940."
5530,34,Direito Penal e Processual Penal,"Altera o Decreto-lei nº 2.848, de 1940, a Lei nº 7.716, de 1989 e a Lei nº 12.288, de 2010."
5535,20,Direitos Humanos e Minorias,Altera a Lei nº 8.742 de 1993.
5536,20,Direitos Humanos e Minorias,Altera a Lei nº 8.742 de 1993.
5539,18,Processo Legislativo e Atuação Parlamentar,Altera a Lei nº 9.503 de 1997.
5573,28,Direitos Humanos e Minorias,Altera a Lei nº 9.394 de 1996.
5574,36,Finanças Públicas e Orçamento,Altera a Lei nº 9.250 de 1995.
5577,27,Direito Civil e Processual Civil,Altera a Lei nº 11.051 de 2004.
5584,16,Direito Civil e Processual Civil,"Concede anistia a todos aqueles que, no período de 1 de janeiro de 2019 e 21 de abril de 2022, tenham praticado atos que sejam investigados ou processados sob a forma de crimes de natureza política ou conexo."
5595,36,Finanças Públicas e Orçamento,Altera a Lei nº 9.250 de 1995.
5598,5,Trabalho e Emprego,"Estabelece que o Distrito Federal será destinatário do perdimento de bens, direitos e valores, como efeito da condenação por crimes de lavagem de dinheiro."
5619,34,Direito Penal e Processual Penal,Altera o Decreto-lei 2.848 de 1940.
5627,43,Meio Ambiente e Desenvolvimento Sustentável,Altera o Decreto-Lei nº 5.452 de 1943.
5635,7,Finanças Públicas e Orçamento,Altera as Leis nº 9.504 de 1997 e 8.730 de 1993.
5651,15,Direitos Humanos e Minorias,Altera as Leis nº 9.472 de  1997 e 9.998 de 2000.
5668,19,Direito e Defesa do Consumidor,Altera o Decreto-Lei 2.848 de 1940.
5669,20,Direitos Humanos e Minorias,Altera a Lei nº 10.048 de 2000.
5676,43,Meio Ambiente e Desenvolvimento Sustentável,Trata do mandato dos membros da Diretoria Colegiada das Agências Reguladoras.
5687,20,Direitos Humanos e Minorias,Altera a Lei nº 8.742 de 1993.
5688,7,Finanças Públicas e Orçamento,"Altera as Leis nº 12.340 de 2010, 12.858 de 2013 e 8.001 de 1990."
5706,33,Direito e Defesa do Consumidor,Altera as Leis nº 10.169 de 2000 e 8.935 de 1994.
5712,30,Finanças Públicas e Orçamento,Altera a Lei nº 8.429 de 1992.
5771,49,Direito Civil e Processual Civil,Altera a Lei nº 10.406 de 2002 e o Decreto=lei nº 2.848 de 1941.
5784,0,Trabalho e Emprego,Altera a Lei nº 13.675 de 2018.
5786,39,Direito Penal e Processual Penal,Altera a Lei nº 9.427 de 1996.
5797,34,Direito Penal e Processual Penal,Altera a Lei Complementar nº 141 de 2012.
5803,27,Direito Civil e Processual Civil,Estabelece mecanismos para controle cadastral de animais domésticos.
5813,36,Finanças Públicas e Orçamento,Altera a Lei nº 9.250 de 1995.
5822,5,Trabalho e Emprego,Estabelece penalidades para o condutor que alterar características do veículo de carga ou de transporte de passageiro.
5825,0,Trabalho e Emprego,Altera a Lei nº 8.987 de 1995.
5844,0,Trabalho e Emprego,Altera a Lei nº 12.608 de 2012.
5853,0,Trabalho e Emprego,Altera o Decreto-lei nº 5.452 de 1943.
5871,36,Finanças Públicas e Orçamento,Altera a Lei nº 9.250 de 1995.
5885,26,Direitos Humanos e Minorias,Altera as Leis nº 7.713 de 1988 e 9.249 de 1995.
5888,8,Direito Penal e Processual Penal,Altera o Decreto-lei nº 2.848 de 1940.
5895,30,Finanças Públicas e Orçamento,Altera a Lei nº9.394 de 1996.
5904,33,Direito e Defesa do Consumidor,"Altera a Lei nº 6.015, de 1973."
5937,8,Direito Penal e Processual Penal,Altera o Decreto-lei nº 2.848 de 1940.
5938,8,Direito Penal e Processual Penal,Altera a Lei Complementar nº 79 de 1994.
5957,48,Viação,Altera a Lei nº 9.503 de 1997.
5959,29,Direitos Humanos e Minorias,Altera a Lei nº 4.737 de 1965.
5965,41,Direito Penal e Processual Penal,Altera o Decreto-Lei nº 2.848 de 1940.
5972,41,Direito Penal e Processual Penal,Altera a Lei nº 8.069 de 1900.
5982,20,Direitos Humanos e Minorias,Altera a Lei nº 9.478 de 1997.
6008,16,Direito Civil e Processual Civil,Altera as Leis nº 8.069 de 1990 e  8.072 de 1990 e os Decretos-Lei nº 2.848 de 1940 e 3.689 de 1941.
6013,16,Direito Civil e Processual Civil,Altera a Lei nº 13.105 de 2015.
6019,48,Viação,Altera a Lei nº 9.503 de 1997.
6046,10,Direito Civil e Processual Civil,Altera a Lei nº 10.406 de 2002.
6047,38,Direitos Humanos e Minorias,"Altera a Lei nº 13.979 de 2020.

Revoga a Lei nº 14.019 de 2020."
6083,47,Direitos Humanos e Minorias,Altera o Decreto-lei nº 1.783 de 1980.
6109,8,Direito Penal e Processual Penal,Altera o Decreto-lei nº 2.848 de 1940.
6121,30,Finanças Públicas e Orçamento,Altera a Lei nº 10.925 de 2004.
6126,8,Direito Penal e Processual Penal,Altera o Decreto-lei nº 2.848 de 1940.
6139,43,Meio Ambiente e Desenvolvimento Sustentável,Altera a Lei nº 5.172 de 1966.
6160,40,Direito e Defesa do Consumidor,"Altera a Lei nº 9.656, de 1998."
6168,20,Direitos Humanos e Minorias,Altera a Lei nº 8.742 de 1993.
6177,30,Finanças Públicas e Orçamento,Altera a Lei nº4.595 de 1964.
6191,26,Direitos Humanos e Minorias,Altera a Lei nº 10.893 de 2004.
6197,39,Direito Penal e Processual Penal,Altera a Lei nº 8.072 de 1990.
6207,39,Direito Penal e Processual Penal,Altera o Decreto-lei nº3.689 de 1941.
6214,3,Finanças Públicas e Orçamento,","
6228,43,Meio Ambiente e Desenvolvimento Sustentável,"Altera a Lei nº 10.406, de 2002."
6236,16,Direito Civil e Processual Civil,Altera as Leis nº 8.078 de1990 e  9.472 de 1997.
6291,7,Finanças Públicas e Orçamento,Altera a Lei nº 14.133 de 2021.
6302,22,Educação,Altera o Decreto nº 10.854 de 2021 e a Lei nº 8.112 de 1990.
6303,25,Finanças Públicas e Orçamento,Altera as Leis nº 11.540 de 2007; 12.351 de 2010; 13.800 de 2019; 11.196 de 2005 e 11.540 de 2007.
6321,7,Finanças Públicas e Orçamento,Altera a Lei nº 12.669 de 2012.
6330,26,Direitos Humanos e Minorias,Altera a Lei nº 10.233 de 2001.
6348,26,Direitos Humanos e Minorias,Altera a Lei nº 10.260 de 2001.
6350,36,Finanças Públicas e Orçamento,Altera a Lei nº 8.989 de 1995.
6351,2,Defesa e Segurança,Altera a Lei nº 11.771 de 2008.
6356,10,Direito Civil e Processual Civil,Altera a Lei nº 14.046 de 2020.
6372,16,Direito Civil e Processual Civil,Altera a Lei nº 13.105 de 2015.
6387,0,Trabalho e Emprego,Altera o Decreto-lei nº 5.452 de 1943.
6508,49,Direito Civil e Processual Civil,Regulamentando o exercício profissional da Podologia.
6528,30,Finanças Públicas e Orçamento,"Alteração: Lei nº 11.540, de 12 de novembro de 2007; Lei nº 14.533, de 11 de janeiro de 2023."
6538,36,Finanças Públicas e Orçamento,"Altera a Lei nº 8.171, de 17 de janeiro de 1991."
6626,26,Direitos Humanos e Minorias,Altera as Leis nº 9.249 e 9.250 de 1995 e a Medida Provisória nº 2.158-35 de 2001.
6662,28,Direitos Humanos e Minorias,Altera a Lei nº 9.394 de 1996.
6665,19,Direito e Defesa do Consumidor,Altera a Lei nº 8.078 de 1990.
6673,7,Finanças Públicas e Orçamento,"Altera o Decreto-Lei nº 3.689, de 3 de outubro de 1941."
6695,39,Direito Penal e Processual Penal,Altera a Lei Complementar nº 97 de 1999.
6752,34,Direito Penal e Processual Penal,"Altera a Lei nº 8.072, de 25 de Julho de 1990."
6779,21,Saúde,"Altera a Lei nº 6.259, de 30 de outubro de 1975."
6793,47,Direitos Humanos e Minorias,Altera as Leis nº 7.713 de 1988 e 8.212 de 1991.
6806,7,Finanças Públicas e Orçamento,"Altera o Decreto-lei nº 2.848, de 7 de dezembro de 1940."
6807,47,Direitos Humanos e Minorias,Altera a Lei nº 12.764 de 2012.
6812,13,Educação,"Altera a Lei nº 9.394, de 20 de dezembro de 1996."
6818,0,Trabalho e Emprego,Altera o Decreto-lei nº 5.452 de 1943.
6838,41,Direito Penal e Processual Penal,Altera o Decreto-Lei no 3.689 de 1941.
6901,6,Finanças Públicas e Orçamento,Altera a Lei nº 7.713 DE 1988.
7125,6,Finanças Públicas e Orçamento,"Altera as Leis nº 14.705 de 2023, 8.080 de 1990, 8.112 de 1990 e 8.213 de 1991."
7149,10,Direito Civil e Processual Civil,"Altera a Lei nº 8.078, de 11 de Setembro de 1990."
7197,27,Direito Civil e Processual Civil,"Altera a Lei nº 10.406, de 10 de Janeiro de 2002 e o Decreto-Lei nº 2.848, de 7 de Dezembro de 1940."
7255,41,Direito Penal e Processual Penal,Altera o Decreto-Lei nº 2.848 de 1940.
7267,30,Finanças Públicas e Orçamento,Altera a Lei nº 7.713 de 1988.
7270,8,Direito Penal e Processual Penal,"Altera a Lei nº 7.713, de 22 de Dezembro de 1988."
7281,39,Direito Penal e Processual Penal,"Altera a Lei nº 10.406, de 10 de Janeiro de 2002."
7284,1,Direito Civil e Processual Civil,"Altera a Lei nº 8.001, de 13 de Março de 1990 e a Lei nº 12.340, de 1º de Dezembro de 2010."
7297,42,Direitos Humanos e Minorias,"Altera a Lei nº 12.764, de 27 de Dezembro de 2012 e a Lei nº 13.146, de 6 de Julho de 2015."
7298,7,Finanças Públicas e Orçamento,"Altera o Decreto-Lei nº 5.452, de 1º de Maio de 1943 e a Lei nº 11.770, de 9 de Setembro de 2008."
7303,29,Direitos Humanos e Minorias,Altera a Lei nº 4.737 de 1965.
7355,34,Direito Penal e Processual Penal,Altera o Decreto-lei 2.848 de 1940.
7382,28,Direitos Humanos e Minorias,Altera a Lei nº 9.394 de 1996.
7415,8,Direito Penal e Processual Penal,Altera o Decreto-lei nº 2.848 de 1940.
7432,30,Finanças Públicas e Orçamento,Altera a Lei nº 10.925 de 2004.
7477,30,Finanças Públicas e Orçamento,Altera a Lei nº 8.069 de 1990.
7493,45,Direitos Humanos e Minorias,Altera a Lei nº 13.988 de 2020.
7514,25,Finanças Públicas e Orçamento,Altera a Lei nº 13.756 de 2018.
7527,48,Viação,Altera a Lei nº 9.503 de 1997.
7532,39,Direito Penal e Processual Penal,Altera as Leis nº10.169 de 2000 e  6.015 de 1973.
7558,4,Educação,Altera a Lei nº 9.394 de 1996.
7567,15,Direitos Humanos e Minorias,Altera as Leis nº 8.213 de 1991 e 13.146 de 2015.
7595,38,Direitos Humanos e Minorias,Altera as Leis nº 8.112 de 1990; 9.962 de 2000 e 11.788 de 2008.
7597,4,Educação,Altera a Lei nº 9.394 de 1996.
7603,39,Direito Penal e Processual Penal,Altera o Decreto-lei nº3.689 de 1941.
7604,10,Direito Civil e Processual Civil,Altera a Lei nº 11.340 de 2006.
7608,8,Direito Penal e Processual Penal,Altera o Decreto-lei nº 2.848 de 1940.
7665,25,Finanças Públicas e Orçamento,Altera a Lei nº 14.060 de 2020.
7680,7,Finanças Públicas e Orçamento,Altera a Lei nº 10.048 de 2000.
7685,16,Direito Civil e Processual Civil,Altera Lei nº 13105 de 2015.
7694,31,Defesa e Segurança,Altera a Lei nº 10.826 de 2003.
7721,47,Direitos Humanos e Minorias,Altera a Lei nº 9.478 de 1997.
7775,26,Direitos Humanos e Minorias,"Altera a Lei nº 10.741 de 2003.

."
7781,25,Finanças Públicas e Orçamento,Altera a Lei nº 12.764 de 2012.
7807,14,Trabalho e Emprego,Altera as Lei nº 9.394 de 1996; 12.772 de 2012 e 8.745 de 1993.
7825,42,Direitos Humanos e Minorias,Altera a Lei nº 9.610 de 1998.
7830,25,Finanças Públicas e Orçamento,Altera a Lei nº 11.947 de 2009.
7849,36,Finanças Públicas e Orçamento,Altera a Lei nº 8.989 de 1995.
7859,32,Direito e Defesa do Consumidor,Altera a Lei nº 11.182 de 2005.
7860,7,Finanças Públicas e Orçamento,Altera a Lei nº 14.133 de 2021.
7862,19,Direito e Defesa do Consumidor,Altera o Decreto-Lei nº 3.688 de 1941.
7870,45,Direitos Humanos e Minorias,Altera a Lei nº 14.597 de 1991.
7880,36,Finanças Públicas e Orçamento,Altera as Leis nº 8.248 de 1991 e 11.540 de 2007.
7887,35,Direitos Humanos e Minorias,Altera a Lei nº 12.764 de 2012.
7902,11,Finanças Públicas e Orçamento,"Alteração, Legislação Tributária Federal, incidência, contribuição social, Contribuição para os Programas de Integração Social e de Formação do Patrimônio do Servidor Público (Contribuição PIS-Pasep), Contribuição para Financiamento da Seguridade Social (Cofins), receita, Entidade Aberta de Previdência Complementar (EAPC). _ Entidade Fechada de Previdência Complementar (EFPC), Isenção, Contribuição para os Programas de Integração Social e de Formação do Patrimônio do Servidor Público (Contribuição PIS-Pasep), Contribuição para Financiamento da Seguridade Social (Cofins), fator gerador. _Alíquota, Contribuição para os Programas de Integração Social e de Formação do Patrimônio do Servidor Público (Contribuição PIS-Pasep), base de cálculo, folha de pagamento, Entidade Fechada de Previdência Complementar (EFPC)."
7928,12,Direito Penal e Processual Penal,"Altera a Lei nº 14.597, de 14 de junho de 2023."
7969,0,Trabalho e Emprego,"Alteração, Lei dos Crimes Ambientais, tipicidade penal, prática, abuso, maus-tratos¸ ferimento, mutilação, contra, animal silvestre, animal doméstico, animal exótico."
7998,4,Educação,Altera a Lei nº 9.394 de 1996.
8025,48,Viação,Altera a Lei nº10.826 de 2003.
8026,8,Direito Penal e Processual Penal,Altera o Decreto-lei nº 2.848 de 1940.
8037,34,Direito Penal e Processual Penal,Altera o Decreto-lei 2.848 de 1940.
8047,41,Direito Penal e Processual Penal,Altera a Lei nº 8.069 de 1990.
8084,30,Finanças Públicas e Orçamento,"Altera a Lei nº 9.434, de 4 de fevereiro de 1997."
8086,8,Direito Penal e Processual Penal,Altera o Decreto-lei nº 2.848 de 1940.
8105,26,Direitos Humanos e Minorias,Altera a Lei nº 10.741 de 2003.
8138,6,Finanças Públicas e Orçamento,"Altera a Lei nº 9.427, de 26 de dezembro de 1996."
8159,0,Trabalho e Emprego,Altera o Decreto-lei nº 5.452 de 1943.
8191,27,Direito Civil e Processual Civil,Altera a Lei nº 8.987 de 1995.
8192,8,Direito Penal e Processual Penal,Altera o Decreto-lei nº 2.848 de 1940.
8197,49,Direito Civil e Processual Civil,Altera a Lei nº 13.105 de  2015 e o Decreto-lei nº 3.689 de 1941.
8212,31,Defesa e Segurança,Altera a Lei nº  10.826 de 2003.
8221,15,Direitos Humanos e Minorias,Altera a Lei nº 7.797 de 1989.
8248,41,Direito Penal e Processual Penal,Altera o Decreto-lei nº 2.848 de 1940 e a Lei nº 8.072 de 1990..
8266,43,Meio Ambiente e Desenvolvimento Sustentável,Altera a Lei nº 9.099 de 1995.
8294,19,Direito e Defesa do Consumidor,Altera a Lei nº 9.472 de 1997.
8298,4,Educação,Altera a Lei nº 9.394 de 1996.
8337,48,Viação,"Altera a Lei nº 13.033, de 24 de setembro de 2014, Lei nº 8.171, de 17 de janeiro de 1997, Lei nº 9.478, de 6 de agosto de 1997, Lei nº 9.847, de 26 de outubro de 1999, Lei nº 8.723, de 28 de outubro de 1993."
8341,26,Direitos Humanos e Minorias,Altera a Lei nº 10.233 de 2001.
8379,45,Direitos Humanos e Minorias,"Altera a Lei nº 13.105, de 16 de março de 2015."
8411,36,Finanças Públicas e Orçamento,Altera a Lei nº 9.250 de 1995.
8432,8,Direito Penal e Processual Penal,"Altera o Decreto-lei nº 2.848, de 7 de dezembro de 1940."
8442,30,Finanças Públicas e Orçamento,"Altera a Lei nº 10.925, de 23 de julho de 2004."
8443,27,Direito Civil e Processual Civil,"Altera a Lei nº 14.192, de 4 de agosto de 2021."
8447,10,Direito Civil e Processual Civil,Altera a Lei nº 10.406 de 2002.
8451,1,Direito Civil e Processual Civil,Altera a Lei nº 11.634 de 2007.
8522,20,Direitos Humanos e Minorias,Altera a Lei nº 9.394 de 1996.
8525,41,Direito Penal e Processual Penal,Altera o Decreto-Lei nº 2.848 de 1940.
8553,15,Direitos Humanos e Minorias,Altera o Decreto-lei nº 5.452 de 1943.
8579,29,Direitos Humanos e Minorias,Revoga os Decretos nº 63.778  de 1978 e 4.763  de 1965.
8591,35,Direitos Humanos e Minorias,"Altera a Lei nº 9.248, de 26 de dezembro de 1995."
8593,35,Direitos Humanos e Minorias,Altera as Leis nº 9.069 de 1995 e 14.133 de 2021.
8598,47,Direitos Humanos e Minorias,Altera as Leis nº 9.998 de 200 e 6.001 de 1973.
8624,43,Meio Ambiente e Desenvolvimento Sustentável,Altera o Decreto-lei 5.452 de 1943.
8632,35,Direitos Humanos e Minorias,Altera as Leis nº 9.504 de 1997 e 9.096 de 1995.
8707,7,Finanças Públicas e Orçamento,Altera as Leis nº 8.981 de 1995 e 9.065 de 1995.
8720,36,Finanças Públicas e Orçamento,Altera a Lei nº 9.250 de 1995.
8724,41,Direito Penal e Processual Penal,Alter a Lei nº 4.737 de 1965.
8725,28,Direitos Humanos e Minorias,"Altera a Lei nº 9.605, de 12 de feveirro de 1998."
8727,40,Direito e Defesa do Consumidor,Altera a Lei nº 10.848 de 2004.
8738,5,Trabalho e Emprego,Altera a Lei nº 4.737 de 1965.
8744,10,Direito Civil e Processual Civil,Altera a Lei nº.9.656 de 1998.
8746,8,Direito Penal e Processual Penal,Altera o Decreto-lei nº 2.848 de 1940.
8753,28,Direitos Humanos e Minorias,"Altera a Lei nº 7.713, de 22 de dezembro de 1988."
8761,30,Finanças Públicas e Orçamento,Altera a Lei nº 5.655 de 1971.
8764,8,Direito Penal e Processual Penal,Altera o Decreto-lei nº 2.848 de 1940.
8795,10,Direito Civil e Processual Civil,Altera a Lei nº 10.406 de 2002.
8797,49,Direito Civil e Processual Civil,Altera as Leis nº 8.987 de 1995 e 8.631 de 1993.
8835,8,Direito Penal e Processual Penal,Altera o Decreto-lei nº 2.848 de 1940.
8839,39,Direito Penal e Processual Penal,Altera a Lei nº 9.998 de 2000.
8864,48,Viação,Altera a Lei nº 9.503 de 1997.
8897,48,Viação,Altera a Lei nº 8.176 de 1991.
8912,20,Direitos Humanos e Minorias,"Altera a Lei nº 9.503, de 23 de setembro de 1997."
8939,7,Finanças Públicas e Orçamento,"Altera o Decreto-lei nº 2.848, de 7 de dezembro de 1940."
8976,0,Trabalho e Emprego,"Altera a Lei nº 9.365, de 16 de dezembro 1996."
8978,8,Direito Penal e Processual Penal,Altera as Leis nº 6.015 de 1973; 7.116 de 1983; 9.503 de 1997 e 13.444 de 2017.
9006,6,Finanças Públicas e Orçamento,"Altera a Lei nº 8.906, de 4 de julho de 1994."
9015,4,Educação,"Altera a Lei nº 8.080, de 19 de setembro de 1990."
9022,12,Direito Penal e Processual Penal,"Altera o Decreto-Lei nº 2.848, de 7 de dezembro de 1940, Decreto-Lei nº 3.689, de 3 de outubro de 1941, Lei nº 7.210, de 11 de julho de 1984"
9108,6,Finanças Públicas e Orçamento,"Altera a Lei nº 9.605, de 12 de fevereiro de 1998."
9119,12,Direito Penal e Processual Penal,"Altera a Lei nº 14.597, de 14 de junho de 2023."
9129,35,Direitos Humanos e Minorias,"Altera o Decreto-Lei nº 3.689, de 3 de outubro de 1941"
9130,35,Direitos Humanos e Minorias,"Altera a Lei nº 6.015, de 31 de dezembro de 1973."
9132,30,Finanças Públicas e Orçamento,"Altera a Lei nº 8.989, de 24 de fevereiro de 1995."
9179,41,Direito Penal e Processual Penal,Altera a Lei nº 8.069 de 1990.
9181,42,Direitos Humanos e Minorias,Atera as Leis nº 10.438 de 2002 e 11.445 de 2007.
9185,39,Direito Penal e Processual Penal,Altera a Lei nº 8.072 de 1990.
9186,8,Direito Penal e Processual Penal,Altera o Decreto-lei nº 2.848 de 1940.
9249,26,Direitos Humanos e Minorias,Altera a Lei nº 5.194 de 1966.
9296,6,Finanças Públicas e Orçamento,"Altera a Lei nº 9.504, de 30 de setembro de 1997."
9302,20,Direitos Humanos e Minorias,"Altera a Lei nº 13.483, de 21 de setembro de 2017, Lei nº 13.999, de 18 de maio de 2020, Lei nº 8.029, de 12 de abril de 1990."
9316,4,Educação,"Altera a Lei nº 8.069, de 13 de julho de 1990."
9317,25,Finanças Públicas e Orçamento,Altera a Lei nº 13.445 de 2017.
9326,15,Direitos Humanos e Minorias,Altera a Lei nº 7.713 de 1988.
9347,12,Direito Penal e Processual Penal,"Altera as Leis nº 9.394 de 1996, 14.113 de 2020 e 13.146 de 2015."
9349,16,Direito Civil e Processual Civil,Altera o Deceto-lei nº 2.848 de 1940 e a Lei nº 8.072 de 1990.
9375,28,Direitos Humanos e Minorias,Altera a Lei nº 9.029 de 1995.
9432,37,Energia,"Altera a Lei nº 9.294, de 1996."
9467,10,Direito Civil e Processual Civil,Altera a Lei nº 11.340 de 2006.
9471,30,Finanças Públicas e Orçamento,Altera  a Lei nº 10.925 de 2004.
9474,8,Direito Penal e Processual Penal,Altera o Decreto-lei nº 2.848 de 1940.
9480,34,Direito Penal e Processual Penal,Altera a Lei nº 3.689 de 1941.
9482,36,Finanças Públicas e Orçamento,Altera a Lei nº 11.340 de 2006.
9538,47,Direitos Humanos e Minorias,Altera a Lei nº 9.991 de 2000.
9567,40,Direito e Defesa do Consumidor,Altera a Lei nº 6.001 de 1973.
9572,10,Direito Civil e Processual Civil,Altera a Lei nº 11.340 de 2006.
9649,41,Direito Penal e Processual Penal,Altera a Lei n º 9.472 de 1997.
9655,8,Direito Penal e Processual Penal,Altera o Decreto-lei nº 2.848 de 1940.
9704,15,Direitos Humanos e Minorias,Altera a Lei nº 9.393 de 1996.
9746,10,Direito Civil e Processual Civil,Altera as Leis nº 4.737 de 1965 e 9.096 de 1995.
9750,4,Educação,Altera a Lei nº 9.394 de 1996.
9754,15,Direitos Humanos e Minorias,Altera as Leis nº 12.764 de 2012 e 8.080 de 1990
9824,27,Direito Civil e Processual Civil,Altera a Lei nº 8.069 de 1990.
9839,28,Direitos Humanos e Minorias,Altera a Lei nº 9.394 de 1996.
9921,1,Direito Civil e Processual Civil,Altera a Lei nº 10.826 de 2003.
9936,48,Viação,Altera a Lei nº 9.503 de 1997.
9945,16,Direito Civil e Processual Civil,Altera a Lei nº 12.965 de 2014.
9947,8,Direito Penal e Processual Penal,Altera o Decreto-lei nº 2.848 de 1940.
9991,26,Direitos Humanos e Minorias,Altera a Lei nº 11.771 de 2008.
9995,7,Finanças Públicas e Orçamento,Altera as Leis nº 12.608 de 2012 e 12.340 de 2010.
10017,8,Direito Penal e Processual Penal,Altera as Leis nº 14.133 de 2021.
10044,25,Finanças Públicas e Orçamento,"Altera a Lei nº 13.709, de 14 de agosto de 2018."
10070,8,Direito Penal e Processual Penal,Altera o Decreto-lei nº 2.848 de 1940.
10088,15,Direitos Humanos e Minorias,Altera a Lei nº 10.438 de 2002.
10093,0,Trabalho e Emprego,"Altera a Lei nº 10.826, de 22 de dezembro de 2003."
10131,49,Direito Civil e Processual Civil,Altera as Leis nº 12.965 de 2014  e 9.504 de 1997.
10142,34,Direito Penal e Processual Penal,Altera o Decreto-lei nº 2.848 de 1940 e a Lei nº 8.072 de 1990.
10176,25,Finanças Públicas e Orçamento,Altera a Lei nº 12.764 de 2012.
10179,47,Direitos Humanos e Minorias,Altera a Lei nº 9.636 de 1998.
10184,8,Direito Penal e Processual Penal,Altera o Decreto-lei nº 3.689 de 1941.
10188,35,Direitos Humanos e Minorias,"Altera as Leis nº 4.117 de 1962, 12.485 de 2011 e 12.965 de 2014."
10191,34,Direito Penal e Processual Penal,Altera a Lei nº 8.981 de 1995.
10192,19,Direito e Defesa do Consumidor,"Altera as Leis nº 5.478 de 1968, 13.105 de 2015 e 10.406 de 2002."
10194,28,Direitos Humanos e Minorias,Altera a Lei nº 9.656 de 1998.
10198,34,Direito Penal e Processual Penal,Altera a Lei nº12.651 de 2012.
10243,8,Direito Penal e Processual Penal,Altera o Decreto-lei nº 2.848 de 1940.
10253,12,Direito Penal e Processual Penal,Altera a Lei nº 14.113 de 2020.
10296,28,Direitos Humanos e Minorias,Altera a Lei nº 9.394 de 1996.
10312,15,Direitos Humanos e Minorias,"Altera as Leis nº 13.483 de 2017, 13.999 de 2020 e 8.029 de 1990."
10317,26,Direitos Humanos e Minorias,Altera a Lei nº 10.260 de 2001.
10352,10,Direito Civil e Processual Civil,Altera a Lei nº 10.406 de 2002.
10357,2,Defesa e Segurança,Altera a Lei nº 9.394 de 1996.
10387,8,Direito Penal e Processual Penal,Altera o Decreto-lei nº 2.848 de 1940.
10495,20,Direitos Humanos e Minorias,Altera a Lei nº 9.394 de 1996.
10497,39,Direito Penal e Processual Penal,Altera a Lei nº. 8.072 de 1990.
10498,12,Direito Penal e Processual Penal,Altera o Decreto-lei nº 2.848 de 1940 e a Lei nº 7.210 de 1984.
10516,29,Direitos Humanos e Minorias,"Altera as Leis nº 6.001, de 1973 e 11.460, de 2007."
10533,12,Direito Penal e Processual Penal,Altera a Lei nº 14.113 de 2020.
10542,39,Direito Penal e Processual Penal,Altera a Lei nº 8.072 de 1990.
10543,30,Finanças Públicas e Orçamento,Altera o Decreto-lei nº 1.804 de 1980.
10563,7,Finanças Públicas e Orçamento,Altera a Lei nº 10.826 de 2003
10663,8,Direito Penal e Processual Penal,Altera o Decreto-lei nº 3.689 de 1941.
10701,34,Direito Penal e Processual Penal,Altera o Decreto-lei 2.848 de 1940.
10737,40,Direito e Defesa do Consumidor,Altera a Lei nº 9.656 de 1998.
10754,39,Direito Penal e Processual Penal,Altera a Lei nº 12.865 de 2013.
10801,19,Direito e Defesa do Consumidor,Altera a Lei nº 8.078 de 1990.
10820,0,Trabalho e Emprego,Altera a Lei nº 10.861 de 2004.
10834,37,Energia,"Altera a Lei nº 14.300, de 6 de janeiro de 2022."
10836,36,Finanças Públicas e Orçamento,Altera a Lei nº 9.250 de 1995.
10838,36,Finanças Públicas e Orçamento,Altera a Lei nº 6.001 de 1973.
10864,8,Direito Penal e Processual Penal,Altera o Decreto-lei nº 2.848 de 1940.
10905,39,Direito Penal e Processual Penal,Altera a Lei nº 7.565 de 1986.
10907,29,Direitos Humanos e Minorias,"Altera a Lei nº 14.133, de 2021."
10982,45,Direitos Humanos e Minorias,Altera as Leis nº º 10.637 de 2002 e 10.833 de 2003.
10983,29,Direitos Humanos e Minorias,Altera as Leis nº 10.637 de 2002 e 10.833 de 2003.
11007,10,Direito Civil e Processual Civil,Altera a Lei nº 10.406 de 2002.
11021,20,Direitos Humanos e Minorias,"Altera as Leis nº 8.080 de 1990, 8.112 e 1990 e 8.213 de 1991."
11056,39,Direito Penal e Processual Penal,Altera a Lei nº 1.0778 de 2003.
11075,34,Direito Penal e Processual Penal,Altera o Decreto-lei 2.848 de 1940.
11094,7,Finanças Públicas e Orçamento,"Altera a Lei nº 12.844, de 2013."
11101,16,Direito Civil e Processual Civil,Altera as Leis nº 12.850 de 2013 e 12.846 de 2013.
11108,46,Administração Pública,Altera a Lei nº 5662 de 1971.
11162,16,Direito Civil e Processual Civil,Altera a Lei nº 13.105 de 2015.
11168,22,Educação,Altera a Lei nº 13.576 de 2017.
11171,34,Direito Penal e Processual Penal,Altera o Decreto-lei 2.848 de 1940.
11173,6,Finanças Públicas e Orçamento,Altera a Lei nº 13.935 de 2019.
11180,14,Trabalho e Emprego,Altera o Decreto-lei nº 9.295 de 1946.
11182,7,Finanças Públicas e Orçamento,Altera a Lei nº 3.268 de 1957.
11224,25,Finanças Públicas e Orçamento,Altera a Lei nº 9.985 de 2000.
11227,43,Meio Ambiente e Desenvolvimento Sustentável,"Altera as Leis nº. º 8.171 de 1991; 6.001 de 1973; 12.651 de 2012, e 11.460 de 2007."
11246,27,Direito Civil e Processual Civil,"Altera a Lei Complementar nº 79, de 1994 e a Lei nº 12.846, de 2013."
11274,34,Direito Penal e Processual Penal,Altera a Lei nº 8.078 de 1990 e o Decreto-lei nº 2.848 de 1940.
11311,0,Trabalho e Emprego,Altera o Decreto-lei nº 5.452 de 1943.
11312,10,Direito Civil e Processual Civil,Altera a Lei nº 10.406 de 2002.
11325,0,Trabalho e Emprego,Altera a Lei nº 5.889 de 1976.
11327,43,Meio Ambiente e Desenvolvimento Sustentável,Altera a Lei nº 9.605 de 1998.
11332,0,Trabalho e Emprego,Altera a Lei nº 10.048 de 2000.
11333,28,Direitos Humanos e Minorias,Altera a Lei nº 9.656 de 1998.
11356,10,Direito Civil e Processual Civil,"Altera a Lei nº 10.436, de 2002."
11371,29,Direitos Humanos e Minorias,Altera a Lei nº 13.146 de 2015.
11391,8,Direito Penal e Processual Penal,"Altera a Lei nº 13.105, de 2015."
11402,34,Direito Penal e Processual Penal,Altera a Lei nº 6.454 de 1977.
11404,16,Direito Civil e Processual Civil,Altera a Lei nº 14.300 de 2022.
11447,38,Direitos Humanos e Minorias,Altera as Lei nº 8.112 de 1990 e 12.764 de 2012.
11489,41,Direito Penal e Processual Penal,Altera a Lei nº 8.069 de 1990.
11505,5,Trabalho e Emprego,"Altera a Lei nº 10.184, de 2001 e a Lei nº 6.704, de 1979."
11506,30,Finanças Públicas e Orçamento,"Altera a Lei nº 11.482, de 2007; a Lei nº 7.713, de 1988; a Lei nº 9.250, de 1995; e a Lei nº 9.249, de 1995."
11507,43,Meio Ambiente e Desenvolvimento Sustentável,Altera o Decreto-Lei nº 5.452 de 1943.
11514,43,Meio Ambiente e Desenvolvimento Sustentável,"Altera a Lei nº 14.133, de 2021 e a Lei nº 14.284, de 2021."
11515,15,Direitos Humanos e Minorias,Altera a Lei nº 10.098 de 2000.
11517,16,Direito Civil e Processual Civil,"Altera a Lei nº 9.610, de 1998."
11521,12,Direito Penal e Processual Penal,Altera a Lei nº 14.129 de 2021.
11561,45,Direitos Humanos e Minorias,"Altera a Lei nº 9.537, de 1997."
11568,7,Finanças Públicas e Orçamento,Altera as Leis nº 4.502 de 1964 e 10.865 de 2004.
11601,32,Direito e Defesa do Consumidor,"Altera a Lei nº 4.737, de 1965."
11607,28,Direitos Humanos e Minorias,Altera a Lei nº 12.527 de 2011.
11632,25,Finanças Públicas e Orçamento,Altera a Lei nº 5.662 de 1971.
11637,16,Direito Civil e Processual Civil,Altera a Lei nº 11.340 de 2006.
11643,0,Trabalho e Emprego,Altera a Lei nº 7.498 de 1986.
11650,36,Finanças Públicas e Orçamento,Altera as Leis nº 13.709 de 2018 e 9.615 de 1998.
11652,26,Direitos Humanos e Minorias,Altera as Leis nº 8.989 de 1995 e 8.383 de 1991.
11653,38,Direitos Humanos e Minorias,Altera a Lei nº  9.427 de 1996.
11683,36,Finanças Públicas e Orçamento,Altera a Lei nº 9.250 de 1995.
11694,19,Direito e Defesa do Consumidor,Altera as Leis nº 10.522 de 2002 e 13.988 de 2020.
11706,35,Direitos Humanos e Minorias,Alter a Lei nº 5.537 de 1968.
11711,26,Direitos Humanos e Minorias,Altera a Lei nº 8.213 de 1991.
11727,36,Finanças Públicas e Orçamento,Altera a Lei nº 9.250 de 1995.
11778,31,Defesa e Segurança,Alteras as Leis nº 8.429 de 1992 e 12.846 de 2013.
11782,8,Direito Penal e Processual Penal,Altera o Decreto-lei nº 2.848 de 1940.
11800,30,Finanças Públicas e Orçamento,Altera a Lei nº 9.503 de 1997.
11837,15,Direitos Humanos e Minorias,Altera a Lei nº 8.036 de 1990.
11842,38,Direitos Humanos e Minorias,Altera a Lei nº 8.069 de 1990.
11847,30,Finanças Públicas e Orçamento,Altera o Decreto-Lei nº 201 de 1967.
11885,16,Direito Civil e Processual Civil,"Altera a Lei nº 10.205, de 2001."
11888,26,Direitos Humanos e Minorias,Altera a Lei nºº 12.587 de 2012.
11894,35,Direitos Humanos e Minorias,Estabelece o prazo de cinco anos para a prescrição das multas administrativas previstas no Estatuto.
11895,35,Direitos Humanos e Minorias,"Altera o Decreto-lei nº 5.452, de 1943."
11900,19,Direito e Defesa do Consumidor,Trata também da possibilidade de uso do FGTS em financiamento habitacional contraído fora do Sistema Financeiro de Habitação (SFH).
11921,7,Finanças Públicas e Orçamento,Altera a Lei n º 10.820 de 2003.
11933,16,Direito Civil e Processual Civil,Altera a Lei nº 9.250 de 1995.
11957,1,Direito Civil e Processual Civil,Possibilita o uso de recursos do Fundo Nacional de Segurança Pública em prol da segurança viária.
11958,45,Direitos Humanos e Minorias,"Altera Lei nº 8.072, de 1990."
12028,30,Finanças Públicas e Orçamento,"Altera p Decreto-lei nº 3.689, de 3 de outubro de 1941."
12036,41,Direito Penal e Processual Penal,"Altera a Lei nº 13.105, de 16 de Março de 2015."
12134,29,Direitos Humanos e Minorias,"Altera a Lei nº 13.756, de 12 de Dezembro de 2018."
12145,10,Direito Civil e Processual Civil,"Altera a Lei nº 10.406, de 10 de Janeiro de 2002."
12160,16,Direito Civil e Processual Civil,"Altera a Lei nº 9.250, de 26 de Dezembro de 1995."
12180,34,Direito Penal e Processual Penal,"Altera a Lei nº 13.105, de 16 de março de 2015."
12187,15,Direitos Humanos e Minorias,"Altera a Lei nº 14.899, de 17 de junho de 2024."
12189,48,Viação,"Altera a Lei nº 8.989, de 24 de fevereiro de 1995, Lei nº 7.713, de 22 de dezembro de 1988."
12190,0,Trabalho e Emprego,"Altera a Lei nº 14.751, de 12 de dezembro de 2023."
12201,42,Direitos Humanos e Minorias,"Altera a Lei nº 4.878, de 3 de dezembro de 1965, Decreto-lei nº 667, de 2 de julho de 1969, Lei nº 14.751, de 12 de dezembro de 2023, Lei nº 13.022, de 8 de agosto de 2014."
12202,15,Direitos Humanos e Minorias,"Altera a Lei nº 1.521, de 26 de dezembro de 1951."
12219,38,Direitos Humanos e Minorias,"Altera o Decreto-lei nº 3.689, de 3 de outubro de 1941"
12223,7,Finanças Públicas e Orçamento,"Altera o Decreto-lei nº 2.848, de 7 de dezembro de 1940."
12224,7,Finanças Públicas e Orçamento,"Altera o Decreto-lei nº 2.848, de 7 de dezembro de 1940."
12225,14,Trabalho e Emprego,"Altera a Lei nº 9.503, de 23 de setembro de 1997."
12227,25,Finanças Públicas e Orçamento,"Altera a Lei nº 14.790, de 29 de dezembro de 2023

."
12239,15,Direitos Humanos e Minorias,"Altera a Lei nº 14.751, de 12 de Dezembro de 2023."
12251,36,Finanças Públicas e Orçamento,"Altera a Lei nº 8.080, de 19 de setembro de 1990."
12256,15,Direitos Humanos e Minorias,"Altera a Lei nº 12.732, de 22 de novembro de 2012."
12317,49,Direito Civil e Processual Civil,Altera o Decreto-lei nº 5.452 de 1943.
12336,7,Finanças Públicas e Orçamento,"Altera o Decreto-lei nº 2.848, de 7 de dezembro de 1940."
12337,45,Direitos Humanos e Minorias,"Altera a Lei nº 8.009, de 29 de março de 1990."
12367,17,Comunicações,"Altera a Lei nº 12.965, de 23 de abril de 2014."
12387,39,Direito Penal e Processual Penal,"Altera a Lei nº 4.117, de 27 de Agosto de 1962."
12391,34,Direito Penal e Processual Penal,"Altera a Lei nº 10.741, de 1º de Outubro de 2003."
12398,16,Direito Civil e Processual Civil,"Altera o Decreto-Lei nº 2.848, de 7 de Dezembro de 1940."
12403,33,Direito e Defesa do Consumidor,"Altera a Lei nº 8.072, de 25 de Julho de 1990, o Decreto-Lei nº 2.848, de 7 de Dezembro de 1940, e a Lei nº 10.826, de 22 de Dezembro de 2003."
12404,36,Finanças Públicas e Orçamento,"Altera o Decreto-Lei nº 227, de 28 de Fevereiro de 1967."
12410,35,Direitos Humanos e Minorias,"Altera a Lei nº 2.848, de 7 de dezembro de 1940."
12420,26,Direitos Humanos e Minorias,"Altera a Lei nº 7.210, de 11 d ejulho de 1984."
12428,32,Direito e Defesa do Consumidor,"Alteração na Lei nº 9.472, de 16 de Julho de 1997."
12435,17,Comunicações,"Altera a Lei nº 12.965, de 23 de abril de 2014."
12448,25,Finanças Públicas e Orçamento,Altera a Lei nº 14.751 de 2023
12460,35,Direitos Humanos e Minorias,"Altera a Lei nº 13146, de 6 de julho de 2015."
12484,45,Direitos Humanos e Minorias,Revoga a Lei nº 13.165 de 2015.
12504,32,Direito e Defesa do Consumidor,"Altera a Lei nº 10.406, de 10 de Janeiro de 2002 e a Lei nº 10.741, de 1º de Outubro de 2003."
12519,38,Direitos Humanos e Minorias,"Altera a Lei n. 6.404, de 15 de dezembro de 1976, Lei n. 11.033, de 21 de dezembro de 2004, Lei n. 14.430, de 3 de agosto de 2022."
12523,26,Direitos Humanos e Minorias,"Altera a Lei nº 8.069, de 13 de Julho de 1990 e a Lei nº 12.965, de 23 de Abril de 2014."
12551,47,Direitos Humanos e Minorias,"Altera a Lei nº 14.133, de 1º de abril de 2021."
12562,1,Direito Civil e Processual Civil,"Altera a Lei nº 10.406, de 10 de Janeiro de 2002, e a Lei nº 4.591, de 16 de Dezembro de 1964"
12585,1,Direito Civil e Processual Civil,Altera o Decreto-Lei nº 2848/1940 e a Lei nº 9279/1996.
12618,49,Direito Civil e Processual Civil,Altera o Código-lei nº 2.848 de 1940.
12620,8,Direito Penal e Processual Penal,Altera o Decreto-lei nº 2.848 de 1940.
12633,43,Meio Ambiente e Desenvolvimento Sustentável,Alter a Lei nº 9.504 de 1997.
12656,47,Direitos Humanos e Minorias,Altera o Decreto-lei nº 5.452 de 1943 e a Lei nº 8.213 de 1991.
12661,43,Meio Ambiente e Desenvolvimento Sustentável,Altera a Lei nº 9.605 de 1998.
12671,32,Direito e Defesa do Consumidor,Altera a Lei nº 4.947 de 1966.
12682,16,Direito Civil e Processual Civil,"Altera a Lei nº 10.406, de 10 de Janeiro de 2002"
12697,35,Direitos Humanos e Minorias,Altera a Lei nº 14.973 de 2024.
12735,34,Direito Penal e Processual Penal,"Altera a Lei nº 9.503, de 23 de Setembro de 1997."
12738,47,Direitos Humanos e Minorias,Altera a Lei nº 8.001de 1990.
12749,0,Trabalho e Emprego,"Altera a Lei nº 13.105, de 16 de março de 2015."
12772,16,Direito Civil e Processual Civil,"Altera a Lei nº 14.790, de 29 de Dezembro de 2023."
12781,30,Finanças Públicas e Orçamento,"Altera a Lei nº 7.565, de 19 de dezembro de 1986."
12782,13,Educação,"Altera a Lei nº 9.394, de 20 de dezembro de 1996."
12802,41,Direito Penal e Processual Penal,"Altera a Lei nº 12.965, de 23 de abril de 2014."
12819,8,Direito Penal e Processual Penal,Altera a Lei nº 12.850 de de 2013 e o Decreto-lei nº 2.848 de 1940.
12825,8,Direito Penal e Processual Penal,"Altera o Decreto-Lei nº 2.848, de 7 de dezembro de 1940."
12828,40,Direito e Defesa do Consumidor,"Altera a Lei nº 11.771, de 17 de Setembro de 2008."
12830,16,Direito Civil e Processual Civil,"Altera o Decreto-Lei nº 2.848, de 7 de Dezembro de 1940."
12832,7,Finanças Públicas e Orçamento,"Altera a Lei nº 10.098, de 19 de Dezembro de 2000 e a Lei nº 13.146, de 6 de Julho de 2015."
12840,8,Direito Penal e Processual Penal,"Altera o Decreto-Lei nº 2.848, de 7 de dezembro de 1940."
12860,2,Defesa e Segurança,Altera a lei nº 8.906 de 1994.
12872,12,Direito Penal e Processual Penal,"Altera a Lei nº 9.985, de 18 de Julho de 2000 e a Lei nº 9.605, de 12 de Fevereiro de 1998."
12877,8,Direito Penal e Processual Penal,"Altera a Lei nº 9.472, de 16 de Julho de 1997."
12886,0,Trabalho e Emprego,Altera a Lei nº 14.701 de 2023.
12889,22,Educação,Altera a Lei nº 5070 dem 1966.
12914,19,Direito e Defesa do Consumidor,Altera a Lei nº 8072/1990.
12920,41,Direito Penal e Processual Penal,Altera a Lei nº 8.069 de 1990.
12946,15,Direitos Humanos e Minorias,Altera a Lei nº 7.713 de 1988.
12949,41,Direito Penal e Processual Penal,Altera a Lei nº 6.938  de 1981.
12951,16,Direito Civil e Processual Civil,Altera o Decreto nº. 3.689 de 1941.
12965,6,Finanças Públicas e Orçamento,Altera a Lei Federal nº 9.393 de 1996.
13010,47,Direitos Humanos e Minorias,"Altera a Lei nº 13.146, de 6 de julho de 2015; Lei nº 12.764, de 27 de dezembro de 2012, Lei nº 4.737, de 15 de julho de 1965; Lei nº 9.096, de 19 de setembro de 1995"
13016,2,Defesa e Segurança,Altera a Lei nº 9.782  de 1999.
13019,43,Meio Ambiente e Desenvolvimento Sustentável,Altera o Decreto-lei 5.452 de 1943.
13021,43,Meio Ambiente e Desenvolvimento Sustentável,Altera o Decreto-lei 5.452 de 1943.
13062,8,Direito Penal e Processual Penal,Altera o Decreto-lei nº 2.848 de 1940.
13073,0,Trabalho e Emprego,Altera a Lei nº 8.987 de 1995.
13080,0,Trabalho e Emprego,Altera as Leis nº 9.430 de 1996 e 12.973 de 2014.
13084,39,Direito Penal e Processual Penal,Altera a Lei nº 8.072 de 1990.
13087,42,Direitos Humanos e Minorias,Altera a Lei nº 9.394 de 1996.
13104,39,Direito Penal e Processual Penal,Altera as Leis nº 14.790 de 2023 e 13.756 de  2018.
13109,0,Trabalho e Emprego,"Altera o Decreto-Lei nº 227, de 28 de fevereiro de 1967."
13130,40,Direito e Defesa do Consumidor,Altera as Leis nº 5.821 de 1972; 12.086 de 2009 e 14.751 de 2023.
13131,36,Finanças Públicas e Orçamento,"Altera as Leis nº 13.675 de 2018; 9.266 de 1996, 14.735 de 2023; 14.751 de 2023 e 13.022 de 2014."
13168,39,Direito Penal e Processual Penal,Altera a Lei nº 14.790 de 2023.
13178,16,Direito Civil e Processual Civil,"Altera a Lei nº 13.431, de 4 de Abril de 2017."
13196,34,Direito Penal e Processual Penal,"Altera a Lei nº 8.989, de 24 de Fevereiro de 1995."
13201,12,Direito Penal e Processual Penal,"Altera a Lei nº 11.771, de 17 de setembro de 2008."
13211,34,Direito Penal e Processual Penal,Altera o Decreto-lei 2.848 de 1940.
13277,19,Direito e Defesa do Consumidor,"Altera o Decreto-Lei nº 2.848, de 7 de Dezembro de 1940 e a Lei nº 9.504, de 30 de Setembro de 1997."
13311,29,Direitos Humanos e Minorias,Altera a Lei nº 12.850 de 2013.
13327,49,Direito Civil e Processual Civil,"Altera a Lei nº 14.790, de 2023."
13451,25,Finanças Públicas e Orçamento,Altera a Lei nº 12.340 de 2010.
13495,43,Meio Ambiente e Desenvolvimento Sustentável,Altera o Decreto-lei nº5.452 de 1943.
13497,10,Direito Civil e Processual Civil,Altera a Lei nº 10.406 de 2002.
13498,8,Direito Penal e Processual Penal,Altera o Decreto-lei nº 2.848 de 1940.
13515,43,Meio Ambiente e Desenvolvimento Sustentável,Altera a Lei nº 9.605 de 1998.
13525,29,Direitos Humanos e Minorias,Altera o Decreto-lei nº 2-848 de 1940.
13667,34,Direito Penal e Processual Penal,Altera o Decreto-lei 2.848 de 1940.
13670,34,Direito Penal e Processual Penal,Altera o Decreto-lei nº 3.688 de 1941.
13728,43,Meio Ambiente e Desenvolvimento Sustentável,Altera a Lei nº 7.7713 de 1988.
13730,7,Finanças Públicas e Orçamento,Altera a Lei nº 7.713 de 1988.
13747,7,Finanças Públicas e Orçamento,Altera a Lei nº 7.713 de 1988.
13753,7,Finanças Públicas e Orçamento,Altera a Lei nº 7.713 de 1988.
13766,36,Finanças Públicas e Orçamento,"Altera a Lei nº 1.079, de 10 de abril de 1950."
13879,36,Finanças Públicas e Orçamento,"Altera a Lei nº 8.935, de 18 de novembro de 1994."
13902,43,Meio Ambiente e Desenvolvimento Sustentável,Altera a Lei nº 9.605 de 1998.
13912,12,Direito Penal e Processual Penal,Altera a o Decreto-lei nº 2.848 de 1940.
13932,41,Direito Penal e Processual Penal,Altera a Lei nº 8.069 de 1990.
13941,35,Direitos Humanos e Minorias,Altera a Lei nº 13.431 de 2017.
13951,42,Direitos Humanos e Minorias,Altera as Leis nº 11.196 de 2005 e 11.488 de 2007.
13952,26,Direitos Humanos e Minorias,Altera a Lei nº 9.504 de 1997.
13955,8,Direito Penal e Processual Penal,Altera a Lei nº 14.597 de 2023.
14020,8,Direito Penal e Processual Penal,Altera o Decreto-lei nº 2.848 de 1941.
14037,43,Meio Ambiente e Desenvolvimento Sustentável,Altera o Decreto-lei 5.452 de 1943.
14040,25,Finanças Públicas e Orçamento,"Altera as Leis nº 6.015 de 1973, nº 8.069 de 1190, nº 8.213 de 1991, nº 8.112 de 1190, nº 9.029 de 1995, nº 7.716 de 1989 e os Decretos-lei nº 2.848 de 1940, nº 1.001 de 1969, nº 3.689 de 1941 e nº 5.452 de 1943."
14044,29,Direitos Humanos e Minorias,"Altera o Decreto-lei nº 2.848, 7 de dezembro de 1940."
14049,14,Trabalho e Emprego,"Altera a Lei n º 9.608, de 18 de fevereiro de 1998."
14052,35,Direitos Humanos e Minorias,Alter a Lei nº 14.601 de 2023.
14064,8,Direito Penal e Processual Penal,Altera o Decreto-lei nº 2.848 de 1940.
14098,20,Direitos Humanos e Minorias,Altera a Lei nº 8.742 de 1993.
14101,30,Finanças Públicas e Orçamento,Altera as Leis nº 8.036 de 1990 e 8.212 de 1991.
14129,36,Finanças Públicas e Orçamento,Altera a Lei nº 9.250 de 1995.
14134,12,Direito Penal e Processual Penal,Altera a Lei nº 7.210 de 1984 e o Decreto-lei nº 3.689 fde 1941.
14157,36,Finanças Públicas e Orçamento,Altera a Lei nº 12.232de 2010.
14184,45,Direitos Humanos e Minorias,Altera a Lei nº13.146 de 2015.
14192,41,Direito Penal e Processual Penal,Altera o Decreto-Lei nº 2.848 de 1940.
14194,29,Direitos Humanos e Minorias,Altera os Decreto-lei 2.848 de 1940 e 3.689 de 1941.
14201,0,Trabalho e Emprego,Altera a Lei nº 9.279 de 1996.
14234,49,Direito Civil e Processual Civil,Altera a Lei nº 8.078 de 1190.
14235,8,Direito Penal e Processual Penal,Altera a Lei nº 14.597 de 2023.
14237,36,Finanças Públicas e Orçamento,Altera a Lei nº 4.502 de 1964.
14256,36,Finanças Públicas e Orçamento,Altera a Lei nº 9.250 de 1995.
14277,43,Meio Ambiente e Desenvolvimento Sustentável,Revoga as Leis nº 12.838 de 2013 e 14.467 de 2022.
14280,47,Direitos Humanos e Minorias,Altera a Lei nº de 10.438 de 2002.
14282,36,Finanças Públicas e Orçamento,Altera as Lei nº 11.959 de 2009 e 9.605 de 1998.
14285,21,Saúde,"Altera a Lei nº 9.656, de 3 de junho de 1998."
14288,29,Direitos Humanos e Minorias,"Altera a Lei nº 6.009, de 26 de dezembro de 1973."
14293,15,Direitos Humanos e Minorias,"Altera a Lei nº 13.693, de 10 de julho de 2018."
14327,16,Direito Civil e Processual Civil,Altera a Lei nº 13.105 de 2015.
14331,45,Direitos Humanos e Minorias,"Altera o Decreto-Lei nº 2.848, de 7 de dezembro de 1940."
14346,13,Educação,"Altera a Lei nº 9.394, de 20 de dezembro de 1996."
14367,34,Direito Penal e Processual Penal,"Altera o Decreto-Lei nº 2.848, de 7 de dezembro de 1940; Lei nº 8.072, de 25 julho de 1990; Lei nº 12.694, de 24 de julho de 2012; Lei nº 13.709, de 14 de agosto de 2018."
14440,0,Trabalho e Emprego,Altera a Lei nº 8.313 de 1991.
14449,12,Direito Penal e Processual Penal,"Altera a Lei nº 10.406, de 10 de janeiro de 2002."
14467,16,Direito Civil e Processual Civil,"Altera o Decreto-Lei nº 2.848, de 7 de Dezembro de 1940."
14469,47,Direitos Humanos e Minorias,Altera a Lei nº. 8.069 de 1990.
14500,20,Direitos Humanos e Minorias,"Altera o Decreto-Lei nº 2.848, de 7 de dezembro de 1940."
14505,48,Viação,"Altera a Lei nº 8.213, de 24 de julho de 1991."
14518,26,Direitos Humanos e Minorias,Altera a Lei nº 9.504 de 1997.
14524,43,Meio Ambiente e Desenvolvimento Sustentável,Altera as Leis nº 9.503 de 1997 e 12.305 de 2010.
14540,30,Finanças Públicas e Orçamento,"Altera a Lei nº 6.932, de 7 de Julho de 1981."
14581,26,Direitos Humanos e Minorias,Altera o Decreto-lei nº 37 de 1966.
14584,28,Direitos Humanos e Minorias,Altera a Lei nº 9.265 de 1996.
14643,45,Direitos Humanos e Minorias,Altera a Lei nº 12.114 de 2009.
14711,16,Direito Civil e Processual Civil,"Altera a Lei nº 7.713, de 22 de Dezembro de 1988, e a Lei nº 9.430, de 27 de Dezembro de 1996."
14721,33,Direito e Defesa do Consumidor,"Altera o Decreto-Lei nº 2.848, de 7 de Dezembro de 1940, e a Lei nº 8.072, de 25 de Julho de 1990."
14724,16,Direito Civil e Processual Civil,"Altera o Decreto-Lei nº 2.848, de 7 de Dezembro de 1940."
14749,38,Direitos Humanos e Minorias,"Altera o Decreto-lei nº 288, de 28 de fevereiro de 1967."
14753,4,Educação,Altera a Lei nº 9.394 de 1996.
14780,8,Direito Penal e Processual Penal,"Altera a Lei nº 6.830, de 22 de setembro de 1980."
14812,34,Direito Penal e Processual Penal,"Altera a Lei nº 8.072, de 25 de Julho de 1990."
14813,29,Direitos Humanos e Minorias,"Altera a Lei nº 12.340, de 1º de Dezembro de 2010; a Lei nº 9.605, de 12 de Fevereiro de 1998, e a Lei nº 9.985, de 18 de Julho de 2000."
14814,7,Finanças Públicas e Orçamento,"Altera a Lei nº 13.709, de 14 de Agosto de 2018."
14815,47,Direitos Humanos e Minorias,"Altera a Lei nº 8.036, de 11 de maio, de 1990 e a Lei nº 8.212, de 24 de julho de 1991."
14817,16,Direito Civil e Processual Civil,"Altera o Decreto-lei nº 2.848, de 7 de dezembro de 1940 e a Lei nº 7.210, de 11 de julho, de 1984."
14823,44,Educação,"Altera a Lei nº 14.238, de 19 de novembro de 2021."
14824,7,Finanças Públicas e Orçamento,"Altera o Decreto-lei nº 2.848, de 7 de dezembro de 1940."
14825,15,Direitos Humanos e Minorias,"Altera a Lei nº 10.741, de 1º de outubro de 2003 e a Lei nº 13.146, de 6 de julho de 2015"
14826,7,Finanças Públicas e Orçamento,"Altera o Decreto-lei nº 2.848, de 7 de dezembro de 1940."
14828,13,Educação,"Altera a Lei nº 9.394, de 20 de dezembro de 1996."
14845,45,Direitos Humanos e Minorias,"Altera a Lei nº 11.340, de 7 de agosto de 2006."
14863,7,Finanças Públicas e Orçamento,"Altera o Decreto-lei nº 2.848, de 7 de dezembro de 1940."
14908,41,Direito Penal e Processual Penal,"Altera o Decreto-Lei nº 2.848, de 7 de Dezembro de 1940."
14911,41,Direito Penal e Processual Penal,"Altera a Lei nº 13.105, de 16 de Março de 2015."
14960,7,Finanças Públicas e Orçamento,"Altera o Decreto-lei nº 2.848, de 7 de dezembro de 1940."
15008,19,Direito e Defesa do Consumidor,"Altera a Lei nº 9.250, de 26 de Dezembro de 1995."
15040,0,Trabalho e Emprego,"Altera o Decreto-lei nº 2.848, de 7 de dezembro de 1940, a Lei nº 10.741, de 1 de outubro de 2003."
15100,43,Meio Ambiente e Desenvolvimento Sustentável,Altera a Lei nº 9.605 de 1998.
15166,20,Direitos Humanos e Minorias,"Altera a Lei nº 10.973, de 2 de dezembro de 2004."
15172,42,Direitos Humanos e Minorias,"Altera o Decreto-Lei nº 2.848, de 7 de dezembro de 1940."
15197,8,Direito Penal e Processual Penal,"Altera a Lei nº 12.850, de 2 de Agosto de 2013."
15209,37,Energia,"Altera a Lei nº 9.991, de 24 de julho de 2000."
15211,39,Direito Penal e Processual Penal,"Altera a Lei nº 11.340, de 7 de Agosto de 2006."
15213,44,Educação,"Altera a Lei nº 9.427, de 26 de dezembro de 1996."
15222,29,Direitos Humanos e Minorias,"Altera a Lei nº 14.026, de 15 de julho de 2020."
15223,41,Direito Penal e Processual Penal,Altera o Decreto-Lei nº 2.848 de 1940.
15236,43,Meio Ambiente e Desenvolvimento Sustentável,Altera o Decreto-Lei nº 5.452 de 1943.
15241,45,Direitos Humanos e Minorias,"Altera a Lei nº 11.340, de 7 de agosto de 2006."
15260,43,Meio Ambiente e Desenvolvimento Sustentável,"Altera a Lei nº 8.001, de 13 de março de 1990."
15265,26,Direitos Humanos e Minorias,"Altera a Lei nº 9.074, de 7 de julho de 1995, Lei nº 9.427, de 26 de dezembro de 1996"
15282,35,Direitos Humanos e Minorias,Altera a Lei nº 13.848 de 2019.
15283,39,Direito Penal e Processual Penal,Altera a Lei nº 9.427 de 1996.
15287,45,Direitos Humanos e Minorias,"Altera o Decreto-Lei nº 2.848, de 7 de dezembro de 1940 e a Lei nº 8.072, de 25 de julho de 1990."
15313,17,Comunicações,"Altera a Lei nº 12.715, de 17 de setembro de 2012."
15321,43,Meio Ambiente e Desenvolvimento Sustentável,Altera o Decreto-lei 5.452 de 1943.
15356,26,Direitos Humanos e Minorias,Altera o Decreto-lei nº 791 de 1969.
15359,20,Direitos Humanos e Minorias,"Altera a Lei nº 9.503, de 23 de setembro de 1997 e o Decreto-Lei nº 791, de 27 de agosto de 1969."
15362,34,Direito Penal e Processual Penal,Altera as Lei nº 12.605 de 2014 e 8.078 de 1990.
15364,10,Direito Civil e Processual Civil,Altera a Lei nº 10.406 de 2002.
15365,8,Direito Penal e Processual Penal,Altera o Decreto-lei nº 2.848 de 1940.
15370,25,Finanças Públicas e Orçamento,"Altera a Lei nº 9.394, de 1996."
15371,42,Direitos Humanos e Minorias,"Altera a Lei nº 10.216, de 2001."
15375,45,Direitos Humanos e Minorias,"Altera a Lei nº 14.228, de 20 de outubro de 2021."
15435,0,Trabalho e Emprego,"Altera as Leis nº 13.594, de 5 de janeiro de 2018, Lei nº 8.685, de 20 de julho de 1993."
15440,6,Finanças Públicas e Orçamento,"Altera a Lei nº 9.394, de 20 de dezembro de 1996."
15450,1,Direito Civil e Processual Civil,"Altera o Decreto-Lei nº 3.689, de 1941."
15454,10,Direito Civil e Processual Civil,"Altera a Lei nº 12.587, de 2012."
15455,48,Viação,Altera a Lei nº 9.503 de 1997.
15476,0,Trabalho e Emprego,Altera a Lei nº 11.442 de 2007.
15487,6,Finanças Públicas e Orçamento,"Altera a Lei nº 7.716, de 5 de janeiro de 1989."
15491,43,Meio Ambiente e Desenvolvimento Sustentável,Altera a Lei nº 12.305 de 2010.
15494,6,Finanças Públicas e Orçamento,"Altera a Lei nº 13.496, de 24 de outubro de 2017."
15500,15,Direitos Humanos e Minorias,Altera a Lei nº 7.713 de 1988.
15522,45,Direitos Humanos e Minorias,"Altera o Decreto-Lei nº 2.848,  de 7 de dezembro de 1940."
15524,25,Finanças Públicas e Orçamento,"Altera a Lei nº 10.409, de 10 de janeiro de 2002."
15541,41,Direito Penal e Processual Penal,Altera a Lei nº 8.069 de 1990.
15542,16,Direito Civil e Processual Civil,Altera a Lei nº 13.105 de 2015.
15554,8,Direito Penal e Processual Penal,Altera o Decreto-lei nº 2.848 de 1940.
15588,19,Direito e Defesa do Consumidor,Altera a Lei nº 11.343 de 2006.
15592,15,Direitos Humanos e Minorias,"Altera a Lei nº 9.394, de 20 de dezembro de 1996, Lei nº 5.537, de 21 de novembro de 1968, Lei nº 8.142, de 28 de dezembro de 1990."
15629,0,Trabalho e Emprego,"Altera o art. 5º da Lei nº 5.662, de 21 de junho de 1971, Altera o art. 10 da Lei nº 8.429, de 2 de junho de 1992, Altera o art. 1º da Lei Complementar nº 105, de 10 de janeiro de 2001."
15635,43,Meio Ambiente e Desenvolvimento Sustentável,"Altera o art. 13 da Lei nº 10.438, de 26 de abril de 2002"
15641,34,Direito Penal e Processual Penal,"Acrescenta §7º ao art. 960 da Lei 13.105, de 16 de março de 2015."
15670,26,Direitos Humanos e Minorias,"Altera o art. 3º do Decreto-Lei nº 1.578, de 11 de outubro de 1977."
15853,26,Direitos Humanos e Minorias,"Altera a Lei nº 9.250, de 26 de dezembro de 1995."
15863,6,Finanças Públicas e Orçamento,Altera a Lei nº 9.503 de 1997.
15920,48,Viação,Altera as Lei  nº 7.990 de 1989 e 9.648 de 1998.
15924,8,Direito Penal e Processual Penal,"Revoga dispositivo da Lei nº 10.865, de 2004. Revoga a Lei nº 14.784, de 2023."
15938,8,Direito Penal e Processual Penal,Altera o Decreto-lei nº 2.848 de 1940.
15998,41,Direito Penal e Processual Penal,"Altera a Lei nº 13.105, de 16 de Março de 2015."
16014,30,Finanças Públicas e Orçamento,Altera a Lei nº  8.069 de 1990.
16019,48,Viação,Altera as Leis nº 4.119 de 1962 e 5.766 dev 1971.
16027,45,Direitos Humanos e Minorias,"Altera o Decreto-Lei nº 2.848, de 7 de dezembro de 1940."
16060,13,Educação,Altera a Lei nº 80.80 de 1990.
16072,6,Finanças Públicas e Orçamento,"Altera a  Lei nº 7.998, de 11 de janeiro de 1990."
16080,1,Direito Civil e Processual Civil,Altera a Lei nº 14.300 de 2022.
16101,21,Saúde,"Altera o art. 10 da Lei nº 9.656, de 3 junho de 1998."
16119,30,Finanças Públicas e Orçamento,Altera a Lei nº 9.503 de 1997.
16224,30,Finanças Públicas e Orçamento,Altera a Lei nº 8.429 de 1992.
16249,19,Direito e Defesa do Consumidor,Altera a Lei nº 8.078 de 1990.
16256,47,Direitos Humanos e Minorias,Altera a Lei nº 8.742 de 1993.
16319,8,Direito Penal e Processual Penal,Altera o Decreto-lei nº 2.848 de 1940.
16349,41,Direito Penal e Processual Penal,Trata de crime de furto e receptação de cabos óticos e de energia.
16352,16,Direito Civil e Processual Civil,"Revoga dispositivos das Leis nºs 556, de 1850 e 10.406, de 2002."
